COMPANY_CODE,ITEM_CODE,ITEM_NAME,ELEMENTARY_FLOW_ID,CONVERSION_FACTOR,IS_CO2,REMARK
TA,15,铬酸雾,81e17d9a-3e0b-414e-9b2e-eca7e5b3bd4a,1.0000000000,false,
WG,900-015-13,废树脂,36a21e09-9ed5-4e04-a76e-140096f89069,1.0000000000,false,
WG,LWGXF,,514d8ebd-24d9-40fb-a037-5bc0f898c42c,1.0000000000,false,
TA,06,,24541c8c-9f11-49ae-9de5-456f238a3f5e,1.0000000000,false,
TM,SL008,水体排放量,2404b41a-2eed-4e9d-8ab6-783946fdf5d6,1.0000000000,false,
WG,59090,原水（一级）,075e433b-4be4-448e-9510-9a5029c1ce94,0.0010000000,false,
TA,w01018,化学需氧量,961ccd56-2eee-4f57-bb18-fc4362b49000,1.0000000000,false,
TA,a34998,,b967e1bf-f09b-4c89-8740-ace21db47bba,1.0000000000,false,
WG,2,SO2,fd7aa71c-508c-480d-81a6-8052aad92646,1.0000000000,false,
TM,900-052-31,废铅酸蓄电池,36a21e09-9ed5-4e04-a76e-140096f89069,1.0000000000,false,
TM,900-201-08,废汽柴油,36a21e09-9ed5-4e04-a76e-140096f89069,1.0000000000,false,
WG,Jan-16,总锌,2c7be02c-791f-4fef-b231-b90321bbeb30,1.0000000000,false,
TM,59090,,075e433b-4be4-448e-9510-9a5029c1ce94,0.0010000000,false,
BR,w20117,六价铬,a9ec0c9b-982a-4329-99ae-dab1f9fb62d3,1.0000000000,false,
TM,123B0,,514d8ebd-24d9-40fb-a037-5bc0f898c42c,1.0000000000,false,
TA,12332,,514d8ebd-24d9-40fb-a037-5bc0f898c42c,1.0000000000,false,
TM,X2048082,回收转炉煤气,349b29d1-3e58-4c66-98b9-9d1a076efd2e,1.5124032000,true,
TA,48080,回收高炉煤气,349b29d1-3e58-4c66-98b9-9d1a076efd2e,0.8481132000,true,
WG,2226,70高碳锰铁,349b29d1-3e58-4c66-98b9-9d1a076efd2e,0.2750000000,true,
TA,HCCR,高碳铬铁,349b29d1-3e58-4c66-98b9-9d1a076efd2e,0.3480000000,true,
TA,C-LN,超低氮增碳剂,349b29d1-3e58-4c66-98b9-9d1a076efd2e,3.6630000000,true,
WG,02517,转炉低硫增碳剂,349b29d1-3e58-4c66-98b9-9d1a076efd2e,3.6630000000,true,
TA,WLNC,低氮碳粉包芯线,349b29d1-3e58-4c66-98b9-9d1a076efd2e,3.6630000000,true,
ZG,14404,石灰石微粉,349b29d1-3e58-4c66-98b9-9d1a076efd2e,0.4400000000,true,
TA,41900,外购上海管网天然气,349b29d1-3e58-4c66-98b9-9d1a076efd2e,2.1650152000,true,
BR,41900,外购上海管网天然气,349b29d1-3e58-4c66-98b9-9d1a076efd2e,2.1650152000,true,
TM,14500,(未选)白云石,349b29d1-3e58-4c66-98b9-9d1a076efd2e,0.4760000000,true,
ZG,961,焦炉煤气发生量,349b29d1-3e58-4c66-98b9-9d1a076efd2e,0.7636189000,true,
TA,35200,焦炉荒煤气,349b29d1-3e58-4c66-98b9-9d1a076efd2e,0.7636189000,true,
RG,HSGT01,无烟煤,b6d0042d-0ef8-49ed-9162-a07ff1ccf750,1.0000000000,false,"Coal, hard"
BR,41930,外购宝能昆仑天然气,7c337428-fb1b-45c7-bbb2-2ee4d29e17ba,1.0000000000,false,"Gas, natural"
BR,35200,焦炉荒煤气,3ed5f377-344f-423a-b5ec-9a9a1162b944,0.4829277777,false,"Gas, mine, off-gas, process, coal mining"
WG,2144-02-01,,2d4b8ec1-8d53-4e62-8a11-ebc45909b02e,1.0000000000,false,
BR,a20057,汞及其化合物,71234253-b3a7-4dfe-b166-a484ad15bee7,1.0000000000,false,
TM,900-210-08-1,含油污泥（委外）,36a21e09-9ed5-4e04-a76e-140096f89069,1.0000000000,false,
TA,2,二氧化硫,fd7aa71c-508c-480d-81a6-8052aad92646,1.0000000000,false,
BR,CS0005,氨氮,fb005c47-7b90-41f3-a5ca-f0eb11db354a,1.0000000000,false,
WG,LWGCJ,,514d8ebd-24d9-40fb-a037-5bc0f898c42c,1.0000000000,false,
BR,a20044,铅,8e123669-94d3-41d8-9480-a79211fe7c43,1.0000000000,false,
TA,PSFG,,514d8ebd-24d9-40fb-a037-5bc0f898c42c,1.0000000000,false,
BR,a20007,砷,dc6dbdaa-9f13-43a8-8af5-6603688c6ad0,1.0000000000,false,
WG,LH001,,36a21e09-9ed5-4e04-a76e-140096f89069,1.0000000000,false,
TA,40900,,4a06aac7-ea56-4372-bea9-4e721d39657b,17.3854000000,false,
TM,0320,,514d8ebd-24d9-40fb-a037-5bc0f898c42c,1.0000000000,false,
BR,a34040,铬酸雾,81e17d9a-3e0b-414e-9b2e-eca7e5b3bd4a,1.0000000000,false,
ZG,LWGSI,,514d8ebd-24d9-40fb-a037-5bc0f898c42c,1.0000000000,false,
WG,5016-01-01,,2c7be02c-791f-4fef-b231-b90321bbeb30,1.0000000000,false,
TA,1402,中碳锰铁,349b29d1-3e58-4c66-98b9-9d1a076efd2e,0.2750000000,true,
TA,12519,微碳铬铁Ⅰ,349b29d1-3e58-4c66-98b9-9d1a076efd2e,0.3480000000,true,
WG,961,高炉低压煤气发生量,349b29d1-3e58-4c66-98b9-9d1a076efd2e,0.8481132000,true,
BR,C-LN,超低氮增碳剂,349b29d1-3e58-4c66-98b9-9d1a076efd2e,3.6630000000,true,
TA,1423,碳粉包芯线,349b29d1-3e58-4c66-98b9-9d1a076efd2e,3.6630000000,true,
WG,12591,碳线,349b29d1-3e58-4c66-98b9-9d1a076efd2e,3.6630000000,true,
BR,WLNC,低氮碳粉包芯线,349b29d1-3e58-4c66-98b9-9d1a076efd2e,3.6630000000,true,
BR,NMGO,生白云石,349b29d1-3e58-4c66-98b9-9d1a076efd2e,0.4760000000,true,
ZG,14403,块白云石,349b29d1-3e58-4c66-98b9-9d1a076efd2e,0.4760000000,true,
ZG,09001,柴油,349b29d1-3e58-4c66-98b9-9d1a076efd2e,3.0959100000,true,
TM,09001,柴油,349b29d1-3e58-4c66-98b9-9d1a076efd2e,3.0959100000,true,
WG,HSGT02,烟煤,b6d0042d-0ef8-49ed-9162-a07ff1ccf750,1.0000000000,false,"Coal, hard"
TM,HSGT06,其他煤制品,b6d0042d-0ef8-49ed-9162-a07ff1ccf750,1.0000000000,false,"Coal, hard"
ZG,968,中压天然气发生量,7c337428-fb1b-45c7-bbb2-2ee4d29e17ba,1.0000000000,false,"Gas, natural"
RG,960,高炉煤气发生量,3ed5f377-344f-423a-b5ec-9a9a1162b944,0.0916666666,false,"Gas, mine, off-gas, process, coal mining"
WG,962,焦炉煤气发生量,3ed5f377-344f-423a-b5ec-9a9a1162b944,0.4829277777,false,"Gas, mine, off-gas, process, coal mining"
ZG,01038,LDG,3ed5f377-344f-423a-b5ec-9a9a1162b944,0.2333333333,false,"Gas, mine, off-gas, process, coal mining"
TM,900-041-49-11,含油废纸,36a21e09-9ed5-4e04-a76e-140096f89069,1.0000000000,false,
TM,772-007-50,,36a21e09-9ed5-4e04-a76e-140096f89069,1.0000000000,false,
TM,0325,,514d8ebd-24d9-40fb-a037-5bc0f898c42c,1.0000000000,false,
TA,5,硫化氢,20d4d821-f4f7-4017-8810-f822fcdf619e,1.0000000000,false,
TA,a20104,锌及其化合物,5ce378a0-b48d-471c-977d-79681521efde,1.0000000000,false,
TM,7015,总镍,6ec6cdaa-5a01-46d4-b716-1905e56690ea,1.0000000000,false,
WG,12306,,514d8ebd-24d9-40fb-a037-5bc0f898c42c,1.0000000000,false,
BR,a34039,硫酸雾,99c65c6a-6871-40ba-af79-5bd6851688e4,1.0000000000,false,
TA,336-069-17-01,含铬废液,36a21e09-9ed5-4e04-a76e-140096f89069,1.0000000000,false,
BR,a25044,苯并(a)芘,5e13c2ab-5466-4ff5-816d-702dfdf25f76,1.0000000000,false,
TA,w20115,总镉,2712fe5f-0d3c-4c8e-8bc4-26c604413849,1.0000000000,false,
TM,2144-2,总P,2d4b8ec1-8d53-4e62-8a11-ebc45909b02e,1.0000000000,false,
TM,900-299-12-3,废硒鼓,36a21e09-9ed5-4e04-a76e-140096f89069,1.0000000000,false,
WG,LWGYB,,514d8ebd-24d9-40fb-a037-5bc0f898c42c,1.0000000000,false,
TA,12330,,514d8ebd-24d9-40fb-a037-5bc0f898c42c,1.0000000000,false,
WG,7015,总镍,6ec6cdaa-5a01-46d4-b716-1905e56690ea,1.0000000000,false,
WG,8015,氨氮,fb005c47-7b90-41f3-a5ca-f0eb11db354a,1.0000000000,false,
WG,LWGZB,,514d8ebd-24d9-40fb-a037-5bc0f898c42c,1.0000000000,false,
ZG,FEMO60,钼铁,349b29d1-3e58-4c66-98b9-9d1a076efd2e,0.0180000000,true,
ZG,01038,LDG,349b29d1-3e58-4c66-98b9-9d1a076efd2e,1.5124032000,true,
WG,964,转炉煤气发生量,349b29d1-3e58-4c66-98b9-9d1a076efd2e,1.5124032000,true,
TM,402,中碳锰铁,349b29d1-3e58-4c66-98b9-9d1a076efd2e,0.2750000000,true,
WG,12518,低碳铬铁,349b29d1-3e58-4c66-98b9-9d1a076efd2e,0.3480000000,true,
BR,C-GR,增碳剂（粗粒）,349b29d1-3e58-4c66-98b9-9d1a076efd2e,3.6630000000,true,
ZG,49095,活性炭粉,349b29d1-3e58-4c66-98b9-9d1a076efd2e,3.6630000000,true,
TA,12591,碳线,349b29d1-3e58-4c66-98b9-9d1a076efd2e,3.6630000000,true,
BR,W-CB,碳粉包芯线,349b29d1-3e58-4c66-98b9-9d1a076efd2e,3.6630000000,true,
TM,FBA21,生铁－铁块2,349b29d1-3e58-4c66-98b9-9d1a076efd2e,0.1720000000,true,
RG,70201A,生铁-铁块A,349b29d1-3e58-4c66-98b9-9d1a076efd2e,0.1720000000,true,
WG,48080,回收高炉煤气,349b29d1-3e58-4c66-98b9-9d1a076efd2e,0.8481132000,true,
ZG,40920,外购解析气,349b29d1-3e58-4c66-98b9-9d1a076efd2e,2.1650152000,true,
ZG,14406,脱硫石灰石粉,349b29d1-3e58-4c66-98b9-9d1a076efd2e,0.4400000000,true,
TM,14401,粉石灰石,349b29d1-3e58-4c66-98b9-9d1a076efd2e,0.4400000000,true,
TA,1392,生石灰石,349b29d1-3e58-4c66-98b9-9d1a076efd2e,0.4400000000,true,
BR,1209,海绵铁,349b29d1-3e58-4c66-98b9-9d1a076efd2e,0.0730000000,true,
BR,09001,柴油,349b29d1-3e58-4c66-98b9-9d1a076efd2e,3.0959100000,true,
WG,09001,柴油,349b29d1-3e58-4c66-98b9-9d1a076efd2e,3.0959100000,true,
TM,HSGT01,无烟煤,b6d0042d-0ef8-49ed-9162-a07ff1ccf750,1.0000000000,false,"Coal, hard"
WG,48080,回收高炉煤气,3ed5f377-344f-423a-b5ec-9a9a1162b944,0.0916666666,false,"Gas, mine, off-gas, process, coal mining"
TM,6007,COD,961ccd56-2eee-4f57-bb18-fc4362b49000,1.0000000000,false,
TM,900-041-49-3,废弃包装物（委外）,36a21e09-9ed5-4e04-a76e-140096f89069,1.0000000000,false,
TA,5016-1,,2c7be02c-791f-4fef-b231-b90321bbeb30,1.0000000000,false,
WG,LWGBZ,,514d8ebd-24d9-40fb-a037-5bc0f898c42c,1.0000000000,false,
BR,59090,原水,075e433b-4be4-448e-9510-9a5029c1ce94,0.0010000000,false,
TA,44,二噁英,082903e4-45d8-4078-94cb-736b15279277,1.0000000000,false,
ZG,LWGCJ,,514d8ebd-24d9-40fb-a037-5bc0f898c42c,1.0000000000,false,
TA,a34013,颗粒物,b967e1bf-f09b-4c89-8740-ace21db47bba,1.0000000000,false,
WG,LWGNR,,514d8ebd-24d9-40fb-a037-5bc0f898c42c,1.0000000000,false,
BR,ah0001,镉，铊及其化合物,1c5a7322-9261-4d59-a692-adde6c12de92,1.0000000000,false,
TA,900-019-16,,36a21e09-9ed5-4e04-a76e-140096f89069,1.0000000000,false,
TA,LWGPL,,514d8ebd-24d9-40fb-a037-5bc0f898c42c,1.0000000000,false,
BR,ah0003,铬、锡、锑、铜、锰及其化合物,b967e1bf-f09b-4c89-8740-ace21db47bba,1.0000000000,false,
TA,1236,,514d8ebd-24d9-40fb-a037-5bc0f898c42c,1.0000000000,false,
ZG,FCAC1,焦炭-合并C,349b29d1-3e58-4c66-98b9-9d1a076efd2e,3.0366950000,true,
ZG,FEMN-M,中碳锰铁,349b29d1-3e58-4c66-98b9-9d1a076efd2e,0.2750000000,true,
WG,2225,高碳锰铁,349b29d1-3e58-4c66-98b9-9d1a076efd2e,0.2750000000,true,
TA,HHCR,低钛高碳铬铁,349b29d1-3e58-4c66-98b9-9d1a076efd2e,0.3480000000,true,
BR,HHCR,低钛高碳铬铁,349b29d1-3e58-4c66-98b9-9d1a076efd2e,0.3480000000,true,
TA,1432,中碳铬铁,349b29d1-3e58-4c66-98b9-9d1a076efd2e,0.3480000000,true,
TM,12519,微碳铬铁,349b29d1-3e58-4c66-98b9-9d1a076efd2e,0.3480000000,true,
RG,960,高炉煤气发生量,349b29d1-3e58-4c66-98b9-9d1a076efd2e,0.8481132000,true,
ZG,C-GR98,普通增碳剂,349b29d1-3e58-4c66-98b9-9d1a076efd2e,3.6630000000,true,
BR,61140,增炭剂,349b29d1-3e58-4c66-98b9-9d1a076efd2e,3.6630000000,true,
RG,60102,煅煤增碳剂,349b29d1-3e58-4c66-98b9-9d1a076efd2e,3.6630000000,true,
WG,02536,类石墨增碳剂,349b29d1-3e58-4c66-98b9-9d1a076efd2e,3.6630000000,true,
ZG,X0012,生铁-铁水1,349b29d1-3e58-4c66-98b9-9d1a076efd2e,0.1720000000,true,
TA,BF022,生铁-铁水-大院2,349b29d1-3e58-4c66-98b9-9d1a076efd2e,0.1720000000,true,
RG,70202A,生铁-铁水A,349b29d1-3e58-4c66-98b9-9d1a076efd2e,0.1720000000,true,
BR,41930,外购宝能昆仑天然气,349b29d1-3e58-4c66-98b9-9d1a076efd2e,2.1650152000,true,
TM,18029,回收焙烧烧结石灰石筛粉,349b29d1-3e58-4c66-98b9-9d1a076efd2e,0.4400000000,true,
BR,14400,(未选)石灰石,349b29d1-3e58-4c66-98b9-9d1a076efd2e,0.4400000000,true,
BR,12526,镍铁,349b29d1-3e58-4c66-98b9-9d1a076efd2e,0.0370000000,true,
RG,961,焦炉煤气发生量,349b29d1-3e58-4c66-98b9-9d1a076efd2e,0.7636189000,true,
TM,HSGT04,洗精煤,b6d0042d-0ef8-49ed-9162-a07ff1ccf750,1.0000000000,false,"Coal, hard"
BR,HSGT01,无烟煤,b6d0042d-0ef8-49ed-9162-a07ff1ccf750,1.0000000000,false,"Coal, hard"
BR,40900,外购化工精制煤气,3ed5f377-344f-423a-b5ec-9a9a1162b944,0.4829277777,false,"Gas, mine, off-gas, process, coal mining"
ZG,961,焦炉煤气发生量,3ed5f377-344f-423a-b5ec-9a9a1162b944,0.4829277777,false,"Gas, mine, off-gas, process, coal mining"
ZG,336-055-17,含镍废液,36a21e09-9ed5-4e04-a76e-140096f89069,1.0000000000,false,
TA,a34999,碱雾,7dd10f03-00ef-483e-88c7-ba23e5330316,1.0000000000,false,
TM,0304,,514d8ebd-24d9-40fb-a037-5bc0f898c42c,1.0000000000,false,
WG,LWGBJ,,514d8ebd-24d9-40fb-a037-5bc0f898c42c,1.0000000000,false,
ZG,900-052-31,废铅蓄电池,36a21e09-9ed5-4e04-a76e-140096f89069,1.0000000000,false,
WG,STPF002,氟化物（以F-计）,96b0e9d0-5bfc-4113-ac30-c9b8a310b534,1.0000000000,false,
TA,a29098,乙酸丁酯,da3d541f-0063-4ddf-9b0d-7ba7b8cb6ec7,1.0000000000,false,
WG,LWGSG,,514d8ebd-24d9-40fb-a037-5bc0f898c42c,1.0000000000,false,
TA,772-007-50,烟气脱硝废催化剂,36a21e09-9ed5-4e04-a76e-140096f89069,1.0000000000,false,
WG,LWGYL,,514d8ebd-24d9-40fb-a037-5bc0f898c42c,1.0000000000,false,
BR,15,铬酸雾,81e17d9a-3e0b-414e-9b2e-eca7e5b3bd4a,1.0000000000,false,
WG,900-041-49-3,废弃包装物（塑料桶）,36a21e09-9ed5-4e04-a76e-140096f89069,1.0000000000,false,
TA,900-023-29,灯管,36a21e09-9ed5-4e04-a76e-140096f89069,1.0000000000,false,
BR,48,氟化物,24541c8c-9f11-49ae-9de5-456f238a3f5e,1.0000000000,false,
TA,40,碱雾,7dd10f03-00ef-483e-88c7-ba23e5330316,1.0000000000,false,
TA,03,,c1b91234-6f24-417b-8309-46111d09c457,1.0000000000,false,
WG,2155,总铬,a9ec0c9b-982a-4329-99ae-dab1f9fb62d3,1.0000000000,false,
TM,123A2,,514d8ebd-24d9-40fb-a037-5bc0f898c42c,1.0000000000,false,
RG,HSGT01,无烟煤,349b29d1-3e58-4c66-98b9-9d1a076efd2e,2.4971120000,true,
WG,48082,回收转炉煤气,349b29d1-3e58-4c66-98b9-9d1a076efd2e,1.5124032000,true,
TA,M-MN,中碳锰铁,349b29d1-3e58-4c66-98b9-9d1a076efd2e,0.2750000000,true,
TA,1403,65高碳锰铁粉压球,349b29d1-3e58-4c66-98b9-9d1a076efd2e,0.2750000000,true,
ZG,FECR-T,微碳铬铁,349b29d1-3e58-4c66-98b9-9d1a076efd2e,0.3480000000,true,
WG,12516,高碳铬铁,349b29d1-3e58-4c66-98b9-9d1a076efd2e,0.3480000000,true,
WG,2517,转炉低硫增碳剂,349b29d1-3e58-4c66-98b9-9d1a076efd2e,3.6630000000,true,
BR,BF032,生铁-铁水-大院3,349b29d1-3e58-4c66-98b9-9d1a076efd2e,0.1720000000,true,
TM,960,高炉煤气使用量,349b29d1-3e58-4c66-98b9-9d1a076efd2e,0.8481132000,true,
TA,SCAO,生石灰石,349b29d1-3e58-4c66-98b9-9d1a076efd2e,0.4400000000,true,
TM,14400,(未选)石灰石,349b29d1-3e58-4c66-98b9-9d1a076efd2e,0.4400000000,true,
ZG,9001,柴油,349b29d1-3e58-4c66-98b9-9d1a076efd2e,3.0959100000,true,
TA,40200,轻油,349b29d1-3e58-4c66-98b9-9d1a076efd2e,3.0959100000,true,
TA,09001,柴油,349b29d1-3e58-4c66-98b9-9d1a076efd2e,3.0959100000,true,
ZG,26200,焦油,349b29d1-3e58-4c66-98b9-9d1a076efd2e,2.6990000000,true,
TA,967,天然气,7c337428-fb1b-45c7-bbb2-2ee4d29e17ba,1.0000000000,false,"Gas, natural"
BR,48080,回收高炉煤气,3ed5f377-344f-423a-b5ec-9a9a1162b944,0.0916666666,false,"Gas, mine, off-gas, process, coal mining"
TM,48080,回收高炉煤气,3ed5f377-344f-423a-b5ec-9a9a1162b944,0.0916666666,false,"Gas, mine, off-gas, process, coal mining"
ZG,962,转炉煤气发生量,3ed5f377-344f-423a-b5ec-9a9a1162b944,0.2333333333,false,"Gas, mine, off-gas, process, coal mining"
WG,35200,精制煤气,3ed5f377-344f-423a-b5ec-9a9a1162b944,0.4829277777,false,"Gas, mine, off-gas, process, coal mining"
TM,123B3,,514d8ebd-24d9-40fb-a037-5bc0f898c42c,1.0000000000,false,
TM,12324,,514d8ebd-24d9-40fb-a037-5bc0f898c42c,1.0000000000,false,
BR,a21028,硫化氢,20d4d821-f4f7-4017-8810-f822fcdf619e,1.0000000000,false,
BR,900-023-29,灯管,36a21e09-9ed5-4e04-a76e-140096f89069,1.0000000000,false,
BR,2,二氧化硫,fd7aa71c-508c-480d-81a6-8052aad92646,1.0000000000,false,
TA,31,汞及其化合物,71234253-b3a7-4dfe-b166-a484ad15bee7,1.0000000000,false,
WG,LWGYS,,514d8ebd-24d9-40fb-a037-5bc0f898c42c,1.0000000000,false,
TM,900-041-49,含油织物,36a21e09-9ed5-4e04-a76e-140096f89069,1.0000000000,false,
TA,ah0002,砷、镍及其化合物,dc6dbdaa-9f13-43a8-8af5-6603688c6ad0,1.0000000000,false,
ZG,900-047-49,实验室废物,36a21e09-9ed5-4e04-a76e-140096f89069,1.0000000000,false,
TM,900-015-13,,36a21e09-9ed5-4e04-a76e-140096f89069,1.0000000000,false,
TA,a20026,镉,1c5a7322-9261-4d59-a692-adde6c12de92,1.0000000000,false,
WG,01,,b967e1bf-f09b-4c89-8740-ace21db47bba,1.0000000000,false,
TM,123B4,,514d8ebd-24d9-40fb-a037-5bc0f898c42c,1.0000000000,false,
TM,900-249-08-1,含渣废油,36a21e09-9ed5-4e04-a76e-140096f89069,1.0000000000,false,
TA,CS0007,总磷,2d4b8ec1-8d53-4e62-8a11-ebc45909b02e,1.0000000000,false,
TA,LWGPY,,514d8ebd-24d9-40fb-a037-5bc0f898c42c,1.0000000000,false,
TM,0302,,514d8ebd-24d9-40fb-a037-5bc0f898c42c,1.0000000000,false,
WG,HSGT01,无烟煤,349b29d1-3e58-4c66-98b9-9d1a076efd2e,2.4971120000,true,
ZG,FCA61,焦炭-合并,349b29d1-3e58-4c66-98b9-9d1a076efd2e,3.0366950000,true,
BR,CO011,焦炭-合并1,349b29d1-3e58-4c66-98b9-9d1a076efd2e,3.0366950000,true,
TA,12501,中碳锰铁,349b29d1-3e58-4c66-98b9-9d1a076efd2e,0.2750000000,true,
BR,12501,中碳锰铁,349b29d1-3e58-4c66-98b9-9d1a076efd2e,0.2750000000,true,
TA,12500,高碳锰铁,349b29d1-3e58-4c66-98b9-9d1a076efd2e,0.2750000000,true,
RG,60101,石墨增碳剂,349b29d1-3e58-4c66-98b9-9d1a076efd2e,3.6630000000,true,
WG,2528,真空低硫增碳剂,349b29d1-3e58-4c66-98b9-9d1a076efd2e,3.6630000000,true,
BR,12591,碳线,349b29d1-3e58-4c66-98b9-9d1a076efd2e,3.6630000000,true,
RG,70201,生铁-铁块,349b29d1-3e58-4c66-98b9-9d1a076efd2e,0.1720000000,true,
BR,1392,生石灰石,349b29d1-3e58-4c66-98b9-9d1a076efd2e,0.4400000000,true,
ZG,967,天然气发生量,349b29d1-3e58-4c66-98b9-9d1a076efd2e,2.1650152000,true,
TM,60170,外购白云石细粒,349b29d1-3e58-4c66-98b9-9d1a076efd2e,0.4760000000,true,
BR,1309,生白云石,349b29d1-3e58-4c66-98b9-9d1a076efd2e,0.4760000000,true,
ZG,967,天然气发生量,7c337428-fb1b-45c7-bbb2-2ee4d29e17ba,1.0000000000,false,"Gas, natural"
ZG,40920,外购解析气,7c337428-fb1b-45c7-bbb2-2ee4d29e17ba,1.0000000000,false,"Gas, natural"
WG,49280,天然气,7c337428-fb1b-45c7-bbb2-2ee4d29e17ba,1.0000000000,false,"Gas, natural"
TA,962,转炉煤气发生量,3ed5f377-344f-423a-b5ec-9a9a1162b944,0.2333333333,false,"Gas, mine, off-gas, process, coal mining"
TM,900-041-49-8,含油废弃物,36a21e09-9ed5-4e04-a76e-140096f89069,1.0000000000,false,
WG,STPF007,总铭,a9ec0c9b-982a-4329-99ae-dab1f9fb62d3,1.0000000000,false,
BR,336-063-17,含锡废液,36a21e09-9ed5-4e04-a76e-140096f89069,1.0000000000,false,
TA,a25044,苯并(a)芘,5e13c2ab-5466-4ff5-816d-702dfdf25f76,1.0000000000,false,
WG,900-210-08-05,废水油,36a21e09-9ed5-4e04-a76e-140096f89069,1.0000000000,false,
TA,a25003,甲苯,3b1ecf8e-1d2c-4330-81da-a79f9068976d,1.0000000000,false,
BR,900-210-08-01,废旧油,36a21e09-9ed5-4e04-a76e-140096f89069,1.0000000000,false,
TA,a34039,硫酸雾,99c65c6a-6871-40ba-af79-5bd6851688e4,1.0000000000,false,
BR,49,镉,1c5a7322-9261-4d59-a692-adde6c12de92,1.0000000000,false,
WG,12334,,514d8ebd-24d9-40fb-a037-5bc0f898c42c,1.0000000000,false,
WG,LWGPH,,514d8ebd-24d9-40fb-a037-5bc0f898c42c,1.0000000000,false,
TM,7016,总镉,2712fe5f-0d3c-4c8e-8bc4-26c604413849,1.0000000000,false,
ZG,772-007-50,废催化剂,36a21e09-9ed5-4e04-a76e-140096f89069,1.0000000000,false,
BR,a25005,二甲苯,5c234628-ab1e-4284-ae2b-f1c2f6883f71,1.0000000000,false,
WG,26200,,36a21e09-9ed5-4e04-a76e-140096f89069,1.0000000000,false,
TM,5016-1,总锌,2c7be02c-791f-4fef-b231-b90321bbeb30,1.0000000000,false,
TA,a25005,二甲苯,5c234628-ab1e-4284-ae2b-f1c2f6883f71,1.0000000000,false,
WG,02224,中碳锰铁,349b29d1-3e58-4c66-98b9-9d1a076efd2e,0.2750000000,true,
WG,12500,高碳锰铁,349b29d1-3e58-4c66-98b9-9d1a076efd2e,0.2750000000,true,
BR,HCCR,高碳铬铁,349b29d1-3e58-4c66-98b9-9d1a076efd2e,0.3480000000,true,
TA,12518,低碳铬铁,349b29d1-3e58-4c66-98b9-9d1a076efd2e,0.3480000000,true,
TM,HSGT07,焦炭,349b29d1-3e58-4c66-98b9-9d1a076efd2e,3.0366950000,true,
RG,HSGT04,洗精煤,349b29d1-3e58-4c66-98b9-9d1a076efd2e,2.4299260000,true,
TA,48082,回收转炉煤气,349b29d1-3e58-4c66-98b9-9d1a076efd2e,1.5124032000,true,
TM,61200,电极,349b29d1-3e58-4c66-98b9-9d1a076efd2e,3.6630000000,true,
RG,70402,生铁-铁水-外购,349b29d1-3e58-4c66-98b9-9d1a076efd2e,0.1720000000,true,
WG,70202,生铁-铁水,349b29d1-3e58-4c66-98b9-9d1a076efd2e,0.1720000000,true,
WG,14400,石灰石,349b29d1-3e58-4c66-98b9-9d1a076efd2e,0.4400000000,true,
TA,HSGT02,烟煤,349b29d1-3e58-4c66-98b9-9d1a076efd2e,2.2557130000,true,
WG,35200,精制煤气,349b29d1-3e58-4c66-98b9-9d1a076efd2e,0.7636189000,true,
BR,40200,轻油,349b29d1-3e58-4c66-98b9-9d1a076efd2e,3.0959100000,true,
BR,HSGT04,洗精煤,b6d0042d-0ef8-49ed-9162-a07ff1ccf750,1.0000000000,false,"Coal, hard"
ZG,48080,回收高炉煤气,3ed5f377-344f-423a-b5ec-9a9a1162b944,0.0916666666,false,"Gas, mine, off-gas, process, coal mining"
ZG,960,高炉煤气发生量,3ed5f377-344f-423a-b5ec-9a9a1162b944,0.0916666666,false,"Gas, mine, off-gas, process, coal mining"
BR,960,高炉煤气发生量,3ed5f377-344f-423a-b5ec-9a9a1162b944,0.0916666666,false,"Gas, mine, off-gas, process, coal mining"
ZG,1038,LDG,3ed5f377-344f-423a-b5ec-9a9a1162b944,0.2333333333,false,"Gas, mine, off-gas, process, coal mining"
BR,BOF48082,回收转炉煤气,3ed5f377-344f-423a-b5ec-9a9a1162b944,0.2333333333,false,"Gas, mine, off-gas, process, coal mining"
BR,962,转炉煤气发生量,3ed5f377-344f-423a-b5ec-9a9a1162b944,0.2333333333,false,"Gas, mine, off-gas, process, coal mining"
RG,961,焦炉煤气发生量,3ed5f377-344f-423a-b5ec-9a9a1162b944,0.4829277777,false,"Gas, mine, off-gas, process, coal mining"
BR,CS0006,总氮,dcfe0815-6fa3-4e1d-a55e-155b29904f1d,1.0000000000,false,
TM,2155,总Cr,a9ec0c9b-982a-4329-99ae-dab1f9fb62d3,1.0000000000,false,
TA,12304,,514d8ebd-24d9-40fb-a037-5bc0f898c42c,1.0000000000,false,
TM,261-173-50,废含钒催化剂,36a21e09-9ed5-4e04-a76e-140096f89069,1.0000000000,false,
TA,w20111,总汞,9325957a-bee5-4f2d-8bd1-458729c5e49e,1.0000000000,false,
TA,1255,,514d8ebd-24d9-40fb-a037-5bc0f898c42c,1.0000000000,false,
BR,a21026,二氧化硫,fd7aa71c-508c-480d-81a6-8052aad92646,1.0000000000,false,
BR,a21005,一氧化碳,ba2f3f82-c93a-47a5-822a-37ec97495275,1.0000000000,false,
BR,3,氮氧化物,c1b91234-6f24-417b-8309-46111d09c457,1.0000000000,false,
TA,900-044-49,废铅蓄电池,36a21e09-9ed5-4e04-a76e-140096f89069,1.0000000000,false,
TA,w21017,氟化物,96b0e9d0-5bfc-4113-ac30-c9b8a310b534,1.0000000000,false,
WG,336-064-17-3,含碱污泥,36a21e09-9ed5-4e04-a76e-140096f89069,1.0000000000,false,
WG,3,NOX,c1b91234-6f24-417b-8309-46111d09c457,1.0000000000,false,
TA,a20999,钒及其化合物,591b0a62-8064-4697-86ed-47bfa1f8b5e6,1.0000000000,false,
TM,900-249-08-01,废矿物油（废油脂）,36a21e09-9ed5-4e04-a76e-140096f89069,1.0000000000,false,
TA,a21024,氯化氢,c9a8073a-8a19-5b9b-a120-7d549563b67b,1.0000000000,false,
WG,9999,粉尘,b967e1bf-f09b-4c89-8740-ace21db47bba,1.0000000000,false,
BR,w21017,氟化物,96b0e9d0-5bfc-4113-ac30-c9b8a310b534,1.0000000000,false,
BR,40,碱雾,7dd10f03-00ef-483e-88c7-ba23e5330316,1.0000000000,false,
TM,7013,总砷,e1bd008f-c3c2-47f1-ab60-35e1a842acc0,1.0000000000,false,
WG,7014,总铅,31c4d160-b21e-41b3-b9c1-3d7a72377653,1.0000000000,false,
ZG,LWGRY,,514d8ebd-24d9-40fb-a037-5bc0f898c42c,1.0000000000,false,
WG,LWGZH,,514d8ebd-24d9-40fb-a037-5bc0f898c42c,1.0000000000,false,
TA,a21028,硫化氢,20d4d821-f4f7-4017-8810-f822fcdf619e,1.0000000000,false,
BR,a29098,乙酸丁酯,da3d541f-0063-4ddf-9b0d-7ba7b8cb6ec7,1.0000000000,false,
BR,a21024,氯化氢,c9a8073a-8a19-5b9b-a120-7d549563b67b,1.0000000000,false,
WG,STPF003,总氮（以N计）,dcfe0815-6fa3-4e1d-a55e-155b29904f1d,1.0000000000,false,
BR,S32201,焦炭-合并,349b29d1-3e58-4c66-98b9-9d1a076efd2e,3.0366950000,true,
TA,HSGT07,焦炭,349b29d1-3e58-4c66-98b9-9d1a076efd2e,3.0366950000,true,
RG,HSGT07,焦炭,349b29d1-3e58-4c66-98b9-9d1a076efd2e,3.0366950000,true,
BR,HSGT07,焦炭,349b29d1-3e58-4c66-98b9-9d1a076efd2e,3.0366950000,true,
TA,CO031,焦炭-合并3,349b29d1-3e58-4c66-98b9-9d1a076efd2e,3.0366950000,true,
BR,1310,焦炭,349b29d1-3e58-4c66-98b9-9d1a076efd2e,3.0366950000,true,
BR,48082,回收转炉煤气,349b29d1-3e58-4c66-98b9-9d1a076efd2e,1.5124032000,true,
RG,24200,粗苯,349b29d1-3e58-4c66-98b9-9d1a076efd2e,3.3820000000,true,
BR,M-MN,中碳锰铁,349b29d1-3e58-4c66-98b9-9d1a076efd2e,0.2750000000,true,
BR,MCCR,中碳铬铁,349b29d1-3e58-4c66-98b9-9d1a076efd2e,0.3480000000,true,
TM,605,碳线,349b29d1-3e58-4c66-98b9-9d1a076efd2e,3.6630000000,true,
BR,1421,增碳剂,349b29d1-3e58-4c66-98b9-9d1a076efd2e,3.6630000000,true,
TA,LN-C,低氮增碳剂,349b29d1-3e58-4c66-98b9-9d1a076efd2e,3.6630000000,true,
TA,GO-C,增碳剂,349b29d1-3e58-4c66-98b9-9d1a076efd2e,3.6630000000,true,
BR,BF012,生铁-铁水-大院1,349b29d1-3e58-4c66-98b9-9d1a076efd2e,0.1720000000,true,
RG,HSGT02,烟煤,349b29d1-3e58-4c66-98b9-9d1a076efd2e,2.2557130000,true,
TM,0713,石灰石,349b29d1-3e58-4c66-98b9-9d1a076efd2e,0.4400000000,true,
ZG,18041,回收石灰石细粒,349b29d1-3e58-4c66-98b9-9d1a076efd2e,0.4400000000,true,
TA,967,天然气,349b29d1-3e58-4c66-98b9-9d1a076efd2e,2.1650152000,true,
TM,0704,白云石,349b29d1-3e58-4c66-98b9-9d1a076efd2e,0.4760000000,true,
BR,FENI,镍铁,349b29d1-3e58-4c66-98b9-9d1a076efd2e,0.0370000000,true,
TA,965,精制脱硫煤气发生量,349b29d1-3e58-4c66-98b9-9d1a076efd2e,0.7636189000,true,
ZG,41900,外购天然气-宝粤气体,7c337428-fb1b-45c7-bbb2-2ee4d29e17ba,1.0000000000,false,"Gas, natural"
TA,48080,回收高炉煤气,3ed5f377-344f-423a-b5ec-9a9a1162b944,0.0916666666,false,"Gas, mine, off-gas, process, coal mining"
ZG,03027,粗转炉煤气,3ed5f377-344f-423a-b5ec-9a9a1162b944,0.2333333333,false,"Gas, mine, off-gas, process, coal mining"
ZG,48082,回收转炉煤气,3ed5f377-344f-423a-b5ec-9a9a1162b944,0.2333333333,false,"Gas, mine, off-gas, process, coal mining"
TA,961,焦炉煤气,3ed5f377-344f-423a-b5ec-9a9a1162b944,0.4829277777,false,"Gas, mine, off-gas, process, coal mining"
WG,900-210-08-04,含油污泥（桶装）,36a21e09-9ed5-4e04-a76e-140096f89069,1.0000000000,false,
TM,7012,总铜,615b1460-6860-4cf6-8678-ad92c03c5e8b,1.0000000000,false,
WG,LWGQC,,514d8ebd-24d9-40fb-a037-5bc0f898c42c,1.0000000000,false,
ZG,0601,烟尘,b967e1bf-f09b-4c89-8740-ace21db47bba,1.0000000000,false,
WG,68640,硫酸,36a21e09-9ed5-4e04-a76e-140096f89069,1.0000000000,false,
TA,54,铅,8e123669-94d3-41d8-9480-a79211fe7c43,1.0000000000,false,
TA,1253,,514d8ebd-24d9-40fb-a037-5bc0f898c42c,1.0000000000,false,
TM,0307,,514d8ebd-24d9-40fb-a037-5bc0f898c42c,1.0000000000,false,
TM,08,氯化氢,c9a8073a-8a19-5b9b-a120-7d549563b67b,1.0000000000,false,
BR,31,汞及其化合物,71234253-b3a7-4dfe-b166-a484ad15bee7,1.0000000000,false,
WG,LWGYY,,514d8ebd-24d9-40fb-a037-5bc0f898c42c,1.0000000000,false,
TA,59090,原水,075e433b-4be4-448e-9510-9a5029c1ce94,0.0010000000,false,
TA,9999,,b967e1bf-f09b-4c89-8740-ace21db47bba,1.0000000000,false,
TA,w20122,总铜,615b1460-6860-4cf6-8678-ad92c03c5e8b,1.0000000000,false,
TA,a21001,氨（氨气）,7dd10f03-00ef-483e-88c7-ba23e5330316,1.0000000000,false,
TM,900-041-49-14,,36a21e09-9ed5-4e04-a76e-140096f89069,1.0000000000,false,
TA,12202,,514d8ebd-24d9-40fb-a037-5bc0f898c42c,1.0000000000,false,
TA,17,,3b1ecf8e-1d2c-4330-81da-a79f9068976d,1.0000000000,false,
TA,7012,总铜,615b1460-6860-4cf6-8678-ad92c03c5e8b,1.0000000000,false,
WG,KM-N,小块焦,349b29d1-3e58-4c66-98b9-9d1a076efd2e,3.0366950000,true,
ZG,3027,粗转炉煤气,349b29d1-3e58-4c66-98b9-9d1a076efd2e,1.5124032000,true,
ZG,FEMN-H,低磷高碳锰铁,349b29d1-3e58-4c66-98b9-9d1a076efd2e,0.2750000000,true,
RG,12509,低碳铬铁,349b29d1-3e58-4c66-98b9-9d1a076efd2e,0.3480000000,true,
BR,ULCR,微碳铬铁,349b29d1-3e58-4c66-98b9-9d1a076efd2e,0.3480000000,true,
TA,1492,中碳铬铁55,349b29d1-3e58-4c66-98b9-9d1a076efd2e,0.3480000000,true,
TA,12530,氮化铬铁,349b29d1-3e58-4c66-98b9-9d1a076efd2e,0.3480000000,true,
TA,12516,高碳铬铁,349b29d1-3e58-4c66-98b9-9d1a076efd2e,0.3480000000,true,
BR,12516,高碳铬铁,349b29d1-3e58-4c66-98b9-9d1a076efd2e,0.3480000000,true,
TA,960,高炉煤气发生量,349b29d1-3e58-4c66-98b9-9d1a076efd2e,0.8481132000,true,
WG,2536,类石墨增碳剂,349b29d1-3e58-4c66-98b9-9d1a076efd2e,3.6630000000,true,
TM,1103,超低氮增碳剂,349b29d1-3e58-4c66-98b9-9d1a076efd2e,3.6630000000,true,
TM,FBA41,生铁－铁块4,349b29d1-3e58-4c66-98b9-9d1a076efd2e,0.1720000000,true,
TA,1201,生铁,349b29d1-3e58-4c66-98b9-9d1a076efd2e,0.1720000000,true,
TM,60150,外购块石灰石,349b29d1-3e58-4c66-98b9-9d1a076efd2e,0.4400000000,true,
TM,14411,焙烧石灰石,349b29d1-3e58-4c66-98b9-9d1a076efd2e,0.4400000000,true,
BR,14401,粉石灰石,349b29d1-3e58-4c66-98b9-9d1a076efd2e,0.4400000000,true,
RG,80210,钢水-转炉,349b29d1-3e58-4c66-98b9-9d1a076efd2e,0.0370000000,true,
RG,A1220,连铸坯-3#,349b29d1-3e58-4c66-98b9-9d1a076efd2e,0.0370000000,true,
TA,961,焦炉煤气,349b29d1-3e58-4c66-98b9-9d1a076efd2e,0.7636189000,true,
TA,41910,外购中石油天然气,7c337428-fb1b-45c7-bbb2-2ee4d29e17ba,1.0000000000,false,"Gas, natural"
RG,962,转炉煤气发生量,3ed5f377-344f-423a-b5ec-9a9a1162b944,0.2333333333,false,"Gas, mine, off-gas, process, coal mining"
WG,900-210-10,含锌污泥,36a21e09-9ed5-4e04-a76e-140096f89069,1.0000000000,false,
TA,900-300-34,废酸,36a21e09-9ed5-4e04-a76e-140096f89069,1.0000000000,false,
WG,2095-5,,fb005c47-7b90-41f3-a5ca-f0eb11db354a,1.0000000000,false,
TA,261-173-50,,36a21e09-9ed5-4e04-a76e-140096f89069,1.0000000000,false,
WG,Feb-44,总磷,2d4b8ec1-8d53-4e62-8a11-ebc45909b02e,1.0000000000,false,
ZG,LWGZG,,514d8ebd-24d9-40fb-a037-5bc0f898c42c,1.0000000000,false,
ZG,069999,,b967e1bf-f09b-4c89-8740-ace21db47bba,1.0000000000,false,
BR,w20115,总镉,2712fe5f-0d3c-4c8e-8bc4-26c604413849,1.0000000000,false,
TM,5016-01-01,,2c7be02c-791f-4fef-b231-b90321bbeb30,1.0000000000,false,
TA,1248,,514d8ebd-24d9-40fb-a037-5bc0f898c42c,1.0000000000,false,
BR,w20122,总铜,615b1460-6860-4cf6-8678-ad92c03c5e8b,1.0000000000,false,
TM,2142,总氮,dcfe0815-6fa3-4e1d-a55e-155b29904f1d,1.0000000000,false,
BR,w21001,总氮,dcfe0815-6fa3-4e1d-a55e-155b29904f1d,1.0000000000,false,
TA,900-252-12,有机废物,36a21e09-9ed5-4e04-a76e-140096f89069,1.0000000000,false,
TA,12361,,514d8ebd-24d9-40fb-a037-5bc0f898c42c,1.0000000000,false,
TM,12304,,514d8ebd-24d9-40fb-a037-5bc0f898c42c,1.0000000000,false,
WG,12318,,514d8ebd-24d9-40fb-a037-5bc0f898c42c,1.0000000000,false,
ZG,LWGPL,,514d8ebd-24d9-40fb-a037-5bc0f898c42c,1.0000000000,false,
TA,1218,,514d8ebd-24d9-40fb-a037-5bc0f898c42c,1.0000000000,false,
TA,CS0010,,30f484ee-dec4-47ae-8e92-d00d4b93fe05,1.0000000000,false,
TA,HSGT01,无烟煤,349b29d1-3e58-4c66-98b9-9d1a076efd2e,2.4971120000,true,
TM,0514,自产发热球,349b29d1-3e58-4c66-98b9-9d1a076efd2e,3.0366950000,true,
ZG,FCAB1,焦炭-合并B,349b29d1-3e58-4c66-98b9-9d1a076efd2e,3.0366950000,true,
TM,FCA61,焦炭-合并,349b29d1-3e58-4c66-98b9-9d1a076efd2e,3.0366950000,true,
TM,0401,高碳锰铁,349b29d1-3e58-4c66-98b9-9d1a076efd2e,0.2750000000,true,
BR,12530,氮化铬铁,349b29d1-3e58-4c66-98b9-9d1a076efd2e,0.3480000000,true,
TM,HSGT04,洗精煤,349b29d1-3e58-4c66-98b9-9d1a076efd2e,2.4299260000,true,
BR,LN-C,低氮增碳剂,349b29d1-3e58-4c66-98b9-9d1a076efd2e,3.6630000000,true,
ZG,X0011,生铁-铁块1,349b29d1-3e58-4c66-98b9-9d1a076efd2e,0.1720000000,true,
TM,70201,生铁－铁块,349b29d1-3e58-4c66-98b9-9d1a076efd2e,0.1720000000,true,
ZG,48080,回收高炉煤气,349b29d1-3e58-4c66-98b9-9d1a076efd2e,0.8481132000,true,
TM,704,白云石,349b29d1-3e58-4c66-98b9-9d1a076efd2e,0.4760000000,true,
TA,1309,生白云石,349b29d1-3e58-4c66-98b9-9d1a076efd2e,0.4760000000,true,
TA,14400,(未选)石灰石,349b29d1-3e58-4c66-98b9-9d1a076efd2e,0.4400000000,true,
TA,41930,外购宝能昆仑天然气,349b29d1-3e58-4c66-98b9-9d1a076efd2e,2.1650152000,true,
TM,21200,焦油,349b29d1-3e58-4c66-98b9-9d1a076efd2e,2.6990000000,true,
TA,48090,回收焦油粗苯,349b29d1-3e58-4c66-98b9-9d1a076efd2e,2.6990000000,true,
BR,48090,回收焦油粗苯,349b29d1-3e58-4c66-98b9-9d1a076efd2e,2.6990000000,true,
ZG,HSGT04,洗精煤,b6d0042d-0ef8-49ed-9162-a07ff1ccf750,1.0000000000,false,"Coal, hard"
WG,HSGT01,无烟煤,b6d0042d-0ef8-49ed-9162-a07ff1ccf750,1.0000000000,false,"Coal, hard"
TA,48082,回收转炉煤气,3ed5f377-344f-423a-b5ec-9a9a1162b944,0.2333333333,false,"Gas, mine, off-gas, process, coal mining"
TM,961,焦炉煤气使用量,3ed5f377-344f-423a-b5ec-9a9a1162b944,0.4829277777,false,"Gas, mine, off-gas, process, coal mining"
TM,6025,氟化物,96b0e9d0-5bfc-4113-ac30-c9b8a310b534,1.0000000000,false,
TA,08,,c9a8073a-8a19-5b9b-a120-7d549563b67b,1.0000000000,false,
TM,0324,,514d8ebd-24d9-40fb-a037-5bc0f898c42c,1.0000000000,false,
TM,12319,,514d8ebd-24d9-40fb-a037-5bc0f898c42c,1.0000000000,false,
BR,a34013,颗粒物,b967e1bf-f09b-4c89-8740-ace21db47bba,1.0000000000,false,
TA,a21005,一氧化碳,ba2f3f82-c93a-47a5-822a-37ec97495275,1.0000000000,false,
TA,a25074,苯系物,28999907-a8a7-45b3-857e-836495ca2aa0,1.0000000000,false,
ZG,900-041-49-03,含油抹布等,36a21e09-9ed5-4e04-a76e-140096f89069,1.0000000000,false,
TA,900-041-49-01,沾染废物,36a21e09-9ed5-4e04-a76e-140096f89069,1.0000000000,false,
TA,ah0003,铬、锡、锑、铜、锰及其化合物,b967e1bf-f09b-4c89-8740-ace21db47bba,1.0000000000,false,
ZG,900-041-49-04,硒鼓墨盒,36a21e09-9ed5-4e04-a76e-140096f89069,1.0000000000,false,
TM,900-041-49-1,废油桶,36a21e09-9ed5-4e04-a76e-140096f89069,1.0000000000,false,
BR,a21099,氟化氢,24541c8c-9f11-49ae-9de5-456f238a3f5e,1.0000000000,false,
WG,900-210-08-03,含油污泥（罐装）,36a21e09-9ed5-4e04-a76e-140096f89069,1.0000000000,false,
BR,a25074,苯系物,28999907-a8a7-45b3-857e-836495ca2aa0,1.0000000000,false,
WG,LWGPJ,,514d8ebd-24d9-40fb-a037-5bc0f898c42c,1.0000000000,false,
TA,a29099,乙酸酯类,8077467e-8d30-46cc-ab55-5759286eebd3,1.0000000000,false,
TA,123A7,,514d8ebd-24d9-40fb-a037-5bc0f898c42c,1.0000000000,false,
TA,HMN5,65高碳锰铁粉压球,349b29d1-3e58-4c66-98b9-9d1a076efd2e,0.2750000000,true,
BR,HMN5,65高碳锰铁粉压球,349b29d1-3e58-4c66-98b9-9d1a076efd2e,0.2750000000,true,
WG,12501,中碳锰铁,349b29d1-3e58-4c66-98b9-9d1a076efd2e,0.2750000000,true,
BR,12500,高碳锰铁,349b29d1-3e58-4c66-98b9-9d1a076efd2e,0.2750000000,true,
TA,HCRQ,高碳铬铁粉压球,349b29d1-3e58-4c66-98b9-9d1a076efd2e,0.3480000000,true,
TA,12592,主原料低钛高碳铬铁,349b29d1-3e58-4c66-98b9-9d1a076efd2e,0.3480000000,true,
ZG,960,高炉煤气发生量,349b29d1-3e58-4c66-98b9-9d1a076efd2e,0.8481132000,true,
BR,C-PW,增碳剂,349b29d1-3e58-4c66-98b9-9d1a076efd2e,3.6630000000,true,
WG,2516,转炉普通增碳剂,349b29d1-3e58-4c66-98b9-9d1a076efd2e,3.6630000000,true,
BR,1423,碳粉包芯线,349b29d1-3e58-4c66-98b9-9d1a076efd2e,3.6630000000,true,
TA,1422,低氮碳粉包芯线,349b29d1-3e58-4c66-98b9-9d1a076efd2e,3.6630000000,true,
TM,1102,增碳剂(石油焦),349b29d1-3e58-4c66-98b9-9d1a076efd2e,3.6630000000,true,
ZG,LCNST,厂内生铁,349b29d1-3e58-4c66-98b9-9d1a076efd2e,0.1720000000,true,
ZG,41910,外购天然气-武汉清能气化站,349b29d1-3e58-4c66-98b9-9d1a076efd2e,2.1650152000,true,
WG,9001,柴油,349b29d1-3e58-4c66-98b9-9d1a076efd2e,3.0959100000,true,
RG,26200,焦油,349b29d1-3e58-4c66-98b9-9d1a076efd2e,2.6990000000,true,
TA,41930,外购宝能昆仑天然气,7c337428-fb1b-45c7-bbb2-2ee4d29e17ba,1.0000000000,false,"Gas, natural"
BR,961,焦炉煤气发生量,3ed5f377-344f-423a-b5ec-9a9a1162b944,0.4829277777,false,"Gas, mine, off-gas, process, coal mining"
BR,336-064-17-02,酸再生污泥,36a21e09-9ed5-4e04-a76e-140096f89069,1.0000000000,false,
WG,7012,总铜,615b1460-6860-4cf6-8678-ad92c03c5e8b,1.0000000000,false,
TA,LWGDC,,514d8ebd-24d9-40fb-a037-5bc0f898c42c,1.0000000000,false,
ZG,900-404-06,有机废液,36a21e09-9ed5-4e04-a76e-140096f89069,1.0000000000,false,
BR,a21002,氮氧化物,c1b91234-6f24-417b-8309-46111d09c457,1.0000000000,false,
TA,32,,8e123669-94d3-41d8-9480-a79211fe7c43,1.0000000000,false,
TA,LWGST,,514d8ebd-24d9-40fb-a037-5bc0f898c42c,1.0000000000,false,
ZG,900-041-49-05,废铁质包装桶,36a21e09-9ed5-4e04-a76e-140096f89069,1.0000000000,false,
ZG,04,颗粒物,b967e1bf-f09b-4c89-8740-ace21db47bba,1.0000000000,false,
TM,0308,,514d8ebd-24d9-40fb-a037-5bc0f898c42c,1.0000000000,false,
TM,0321,,514d8ebd-24d9-40fb-a037-5bc0f898c42c,1.0000000000,false,
BR,900-300-34,废酸,36a21e09-9ed5-4e04-a76e-140096f89069,1.0000000000,false,
WG,02,,fd7aa71c-508c-480d-81a6-8052aad92646,1.0000000000,false,
ZG,336-064-17,含油污泥,36a21e09-9ed5-4e04-a76e-140096f89069,1.0000000000,false,
TM,02,SO2,fd7aa71c-508c-480d-81a6-8052aad92646,1.0000000000,false,
TA,a20057,汞及其化合物,71234253-b3a7-4dfe-b166-a484ad15bee7,1.0000000000,false,
WG,LWGYE,,514d8ebd-24d9-40fb-a037-5bc0f898c42c,1.0000000000,false,
ZG,900-007-09-03,废乳化油泥,36a21e09-9ed5-4e04-a76e-140096f89069,1.0000000000,false,
BR,336-059-17,锡泥,36a21e09-9ed5-4e04-a76e-140096f89069,1.0000000000,false,
BR,w21003,氨氮,fb005c47-7b90-41f3-a5ca-f0eb11db354a,1.0000000000,false,
WG,12324,,514d8ebd-24d9-40fb-a037-5bc0f898c42c,1.0000000000,false,
RG,CO011,焦炭-合并1,349b29d1-3e58-4c66-98b9-9d1a076efd2e,3.0366950000,true,
RG,48082,回收转炉煤气,349b29d1-3e58-4c66-98b9-9d1a076efd2e,1.5124032000,true,
BR,1403,65高碳锰铁粉压球,349b29d1-3e58-4c66-98b9-9d1a076efd2e,0.2750000000,true,
BR,1401,高碳锰铁,349b29d1-3e58-4c66-98b9-9d1a076efd2e,0.2750000000,true,
BR,M-CR,中碳铬铁55,349b29d1-3e58-4c66-98b9-9d1a076efd2e,0.3480000000,true,
ZG,12519,微碳铬铁,349b29d1-3e58-4c66-98b9-9d1a076efd2e,0.3480000000,true,
TM,22200,粗苯,349b29d1-3e58-4c66-98b9-9d1a076efd2e,3.3820000000,true,
BR,HSGT04,洗精煤,349b29d1-3e58-4c66-98b9-9d1a076efd2e,2.4299260000,true,
BR,1422,低氮碳粉包芯线,349b29d1-3e58-4c66-98b9-9d1a076efd2e,3.6630000000,true,
BR,BF042,生铁-铁水-大院4,349b29d1-3e58-4c66-98b9-9d1a076efd2e,0.1720000000,true,
BR,BF022,生铁-铁水-大院2,349b29d1-3e58-4c66-98b9-9d1a076efd2e,0.1720000000,true,
TA,BF012,生铁-铁水-大院1,349b29d1-3e58-4c66-98b9-9d1a076efd2e,0.1720000000,true,
RG,70201B,生铁-铁块B,349b29d1-3e58-4c66-98b9-9d1a076efd2e,0.1720000000,true,
ZG,HSGT02,烟煤,349b29d1-3e58-4c66-98b9-9d1a076efd2e,2.2557130000,true,
RG,A1230,连铸坯-4#5#,349b29d1-3e58-4c66-98b9-9d1a076efd2e,0.0370000000,true,
WG,962,焦炉煤气发生量,349b29d1-3e58-4c66-98b9-9d1a076efd2e,0.7636189000,true,
TA,960,高炉煤气发生量,3ed5f377-344f-423a-b5ec-9a9a1162b944,0.0916666666,false,"Gas, mine, off-gas, process, coal mining"
ZG,900-249-08,含油废物（油脂、杂物）,36a21e09-9ed5-4e04-a76e-140096f89069,1.0000000000,false,
TA,CS0009,,a9ec0c9b-982a-4329-99ae-dab1f9fb62d3,1.0000000000,false,
TA,18,,5c234628-ab1e-4284-ae2b-f1c2f6883f71,1.0000000000,false,
BR,44,二噁英,082903e4-45d8-4078-94cb-736b15279277,1.0000000000,false,
BR,5,硫化氢,20d4d821-f4f7-4017-8810-f822fcdf619e,1.0000000000,false,
TA,w23002,挥发酚,5896c761-4e02-4573-8747-c4bbf73162c0,1.0000000000,false,
TA,a21018,氟化物,24541c8c-9f11-49ae-9de5-456f238a3f5e,1.0000000000,false,
TM,06,氟化物,24541c8c-9f11-49ae-9de5-456f238a3f5e,1.0000000000,false,
BR,a20999,钒及其化合物,591b0a62-8064-4697-86ed-47bfa1f8b5e6,1.0000000000,false,
WG,900-402-06,废有机溶剂,36a21e09-9ed5-4e04-a76e-140096f89069,1.0000000000,false,
TA,LWGQB,,514d8ebd-24d9-40fb-a037-5bc0f898c42c,1.0000000000,false,
TA,39,,b967e1bf-f09b-4c89-8740-ace21db47bba,1.0000000000,false,
TM,7018,,32fccda4-0d99-40ab-b65f-c7203080b62b,1.0000000000,false,
TA,1138097,总锌,2c7be02c-791f-4fef-b231-b90321bbeb30,1.0000000000,false,
ZG,982,生活水,075e433b-4be4-448e-9510-9a5029c1ce94,0.0010000000,false,
ZG,0603,,c1b91234-6f24-417b-8309-46111d09c457,1.0000000000,false,
WG,STPF004,总磷（以P计）,2d4b8ec1-8d53-4e62-8a11-ebc45909b02e,1.0000000000,false,
WG,6007,化学需氧量,961ccd56-2eee-4f57-bb18-fc4362b49000,1.0000000000,false,
WG,7018,总铊,32fccda4-0d99-40ab-b65f-c7203080b62b,1.0000000000,false,
TM,900-299-12-2,废油漆,36a21e09-9ed5-4e04-a76e-140096f89069,1.0000000000,false,
BR,w20111,总汞,9325957a-bee5-4f2d-8bd1-458729c5e49e,1.0000000000,false,
BR,CO031,焦炭-合并3,349b29d1-3e58-4c66-98b9-9d1a076efd2e,3.0366950000,true,
WG,CO001,焦炭-合并,349b29d1-3e58-4c66-98b9-9d1a076efd2e,3.0366950000,true,
TM,401,高碳锰铁,349b29d1-3e58-4c66-98b9-9d1a076efd2e,0.2750000000,true,
BR,1402,中碳锰铁,349b29d1-3e58-4c66-98b9-9d1a076efd2e,0.2750000000,true,
TM,12517,中碳铬铁C200,349b29d1-3e58-4c66-98b9-9d1a076efd2e,0.3480000000,true,
TM,12516,主原料高碳铬铁,349b29d1-3e58-4c66-98b9-9d1a076efd2e,0.3480000000,true,
ZG,C-GR80,80石墨球,349b29d1-3e58-4c66-98b9-9d1a076efd2e,3.6630000000,true,
ZG,C-GR75,80石墨球,349b29d1-3e58-4c66-98b9-9d1a076efd2e,3.6630000000,true,
WG,2537,石墨增碳剂,349b29d1-3e58-4c66-98b9-9d1a076efd2e,3.6630000000,true,
BR,GO-C,增碳剂,349b29d1-3e58-4c66-98b9-9d1a076efd2e,3.6630000000,true,
WG,BF082,生铁-铁水8,349b29d1-3e58-4c66-98b9-9d1a076efd2e,0.1720000000,true,
TA,70202,生铁-铁水-大院,349b29d1-3e58-4c66-98b9-9d1a076efd2e,0.1720000000,true,
BR,967,天然气发生量,349b29d1-3e58-4c66-98b9-9d1a076efd2e,2.1650152000,true,
TM,14510,(片)白云石粉,349b29d1-3e58-4c66-98b9-9d1a076efd2e,0.4760000000,true,
BR,965,精制脱硫煤气发生量,349b29d1-3e58-4c66-98b9-9d1a076efd2e,0.7636189000,true,
ZG,1037,COG,349b29d1-3e58-4c66-98b9-9d1a076efd2e,0.7636189000,true,
RG,48080,回收高炉煤气,349b29d1-3e58-4c66-98b9-9d1a076efd2e,0.8481132000,true,
ZG,FBSCAO,转炉炉内用石灰石（替代生石灰）,349b29d1-3e58-4c66-98b9-9d1a076efd2e,0.4400000000,true,
RG,14400,烧结用石灰石粉,349b29d1-3e58-4c66-98b9-9d1a076efd2e,0.4400000000,true,
ZG,14400,(未选)石灰石,349b29d1-3e58-4c66-98b9-9d1a076efd2e,0.4400000000,true,
ZG,HSGT06,其他煤制品,b6d0042d-0ef8-49ed-9162-a07ff1ccf750,1.0000000000,false,"Coal, hard"
TM,962,转炉煤气使用量,3ed5f377-344f-423a-b5ec-9a9a1162b944,0.2333333333,false,"Gas, mine, off-gas, process, coal mining"
WG,5016-1,,a9ec0c9b-982a-4329-99ae-dab1f9fb62d3,1.0000000000,false,
TA,336-064-17-01,磷化污泥,36a21e09-9ed5-4e04-a76e-140096f89069,1.0000000000,false,
WG,May-95,挥发酚,39153cb9-a8fe-4fc8-beef-1bf1edceb8e7,1.0000000000,false,
ZG,0602,,fd7aa71c-508c-480d-81a6-8052aad92646,1.0000000000,false,
WG,LWGTF,,514d8ebd-24d9-40fb-a037-5bc0f898c42c,1.0000000000,false,
WG,7017,总汞,9325957a-bee5-4f2d-8bd1-458729c5e49e,1.0000000000,false,
BR,w01018,化学需氧量,961ccd56-2eee-4f57-bb18-fc4362b49000,1.0000000000,false,
TA,a20993,汞,71234253-b3a7-4dfe-b166-a484ad15bee7,1.0000000000,false,
TM,01,烟尘,b967e1bf-f09b-4c89-8740-ace21db47bba,1.0000000000,false,
TM,514,自产发热球,349b29d1-3e58-4c66-98b9-9d1a076efd2e,3.0366950000,true,
WG,40630,外购CDQ粉-焦化,349b29d1-3e58-4c66-98b9-9d1a076efd2e,3.0366950000,true,
WG,40620,外购焦粉,349b29d1-3e58-4c66-98b9-9d1a076efd2e,3.0366950000,true,
RG,12503,高碳锰铁,349b29d1-3e58-4c66-98b9-9d1a076efd2e,0.2750000000,true,
WG,02226,70高碳锰铁,349b29d1-3e58-4c66-98b9-9d1a076efd2e,0.2750000000,true,
BR,12518,低碳铬铁,349b29d1-3e58-4c66-98b9-9d1a076efd2e,0.3480000000,true,
TA,1439,钼铁,349b29d1-3e58-4c66-98b9-9d1a076efd2e,0.0180000000,true,
ZG,24200,粗苯,349b29d1-3e58-4c66-98b9-9d1a076efd2e,3.3820000000,true,
TA,70201,生铁-铁块-大院,349b29d1-3e58-4c66-98b9-9d1a076efd2e,0.1720000000,true,
BR,70201,生铁-铁块-大院,349b29d1-3e58-4c66-98b9-9d1a076efd2e,0.1720000000,true,
TM,48080,回收高炉煤气,349b29d1-3e58-4c66-98b9-9d1a076efd2e,0.8481132000,true,
BR,SCAO,生石灰石,349b29d1-3e58-4c66-98b9-9d1a076efd2e,0.4400000000,true,
ZG,14407,大灰石,349b29d1-3e58-4c66-98b9-9d1a076efd2e,0.4400000000,true,
TA,14401,粉石灰石,349b29d1-3e58-4c66-98b9-9d1a076efd2e,0.4400000000,true,
WG,MZB-N,转炉用白云石,349b29d1-3e58-4c66-98b9-9d1a076efd2e,0.4760000000,true,
ZG,FBSMGO,转炉炉内用白云石（替代轻烧）,349b29d1-3e58-4c66-98b9-9d1a076efd2e,0.4760000000,true,
WG,60170,外购白云石,349b29d1-3e58-4c66-98b9-9d1a076efd2e,0.4760000000,true,
WG,12526,镍铁,349b29d1-3e58-4c66-98b9-9d1a076efd2e,0.0370000000,true,
RG,963,精制焦炉煤气发生量,349b29d1-3e58-4c66-98b9-9d1a076efd2e,0.7636189000,true,
RG,48083,回收焦炉煤气,349b29d1-3e58-4c66-98b9-9d1a076efd2e,0.7636189000,true,
BR,HSGT02,烟煤,b6d0042d-0ef8-49ed-9162-a07ff1ccf750,1.0000000000,false,"Coal, hard"
TA,HSGT04,洗精煤,b6d0042d-0ef8-49ed-9162-a07ff1ccf750,1.0000000000,false,"Coal, hard"
BR,967,天然气发生量,7c337428-fb1b-45c7-bbb2-2ee4d29e17ba,1.0000000000,false,"Gas, natural"
ZG,3027,粗转炉煤气,3ed5f377-344f-423a-b5ec-9a9a1162b944,0.2333333333,false,"Gas, mine, off-gas, process, coal mining"
TA,BOF48082,回收转炉煤气,3ed5f377-344f-423a-b5ec-9a9a1162b944,0.2333333333,false,"Gas, mine, off-gas, process, coal mining"
BR,965,精制脱硫煤气发生量,3ed5f377-344f-423a-b5ec-9a9a1162b944,0.4829277777,false,"Gas, mine, off-gas, process, coal mining"
BR,a25073,二噁英,082903e4-45d8-4078-94cb-736b15279277,1.0000000000,false,
TM,12300,,514d8ebd-24d9-40fb-a037-5bc0f898c42c,1.0000000000,false,
WG,LWGYQ,,514d8ebd-24d9-40fb-a037-5bc0f898c42c,1.0000000000,false,
BR,CS0007,总磷,2d4b8ec1-8d53-4e62-8a11-ebc45909b02e,1.0000000000,false,
BR,20,苯并(a)芘,5e13c2ab-5466-4ff5-816d-702dfdf25f76,1.0000000000,false,
BR,53,颗粒物,b967e1bf-f09b-4c89-8740-ace21db47bba,1.0000000000,false,
TA,SL008,水体排放量,2404b41a-2eed-4e9d-8ab6-783946fdf5d6,1.0000000000,false,
TA,336-063-17,含锡废液,36a21e09-9ed5-4e04-a76e-140096f89069,1.0000000000,false,
TA,w20120,,31c4d160-b21e-41b3-b9c1-3d7a72377653,1.0000000000,false,
WG,LWGYC,,514d8ebd-24d9-40fb-a037-5bc0f898c42c,1.0000000000,false,
ZG,02,二氧化硫,fd7aa71c-508c-480d-81a6-8052aad92646,1.0000000000,false,
BR,772-007-50,烟气脱硝废催化剂,36a21e09-9ed5-4e04-a76e-140096f89069,1.0000000000,false,
TA,49,镉,1c5a7322-9261-4d59-a692-adde6c12de92,1.0000000000,false,
TA,14,硫酸雾,99c65c6a-6871-40ba-af79-5bd6851688e4,1.0000000000,false,
TA,w21001,总氮,dcfe0815-6fa3-4e1d-a55e-155b29904f1d,1.0000000000,false,
TA,6007,化学需氧量,961ccd56-2eee-4f57-bb18-fc4362b49000,1.0000000000,false,
TA,48,氟化物,24541c8c-9f11-49ae-9de5-456f238a3f5e,1.0000000000,false,
TA,6025,氟化物,96b0e9d0-5bfc-4113-ac30-c9b8a310b534,1.0000000000,false,
ZG,04022,原水,075e433b-4be4-448e-9510-9a5029c1ce94,0.0010000000,false,
WG,900-299-12,油漆、涂料废物,36a21e09-9ed5-4e04-a76e-140096f89069,1.0000000000,false,
WG,LWGPW,,514d8ebd-24d9-40fb-a037-5bc0f898c42c,1.0000000000,false,
TA,w21003,氨氮,fb005c47-7b90-41f3-a5ca-f0eb11db354a,1.0000000000,false,
WG,LWGPY,,514d8ebd-24d9-40fb-a037-5bc0f898c42c,1.0000000000,false,
TM,900-041-49-2,废油漆桶,36a21e09-9ed5-4e04-a76e-140096f89069,1.0000000000,false,
TA,H-MN,高碳锰铁,349b29d1-3e58-4c66-98b9-9d1a076efd2e,0.2750000000,true,
BR,1492,中碳铬铁55,349b29d1-3e58-4c66-98b9-9d1a076efd2e,0.3480000000,true,
BR,12592,主原料低钛高碳铬铁,349b29d1-3e58-4c66-98b9-9d1a076efd2e,0.3480000000,true,
TM,962,转炉煤气使用量,349b29d1-3e58-4c66-98b9-9d1a076efd2e,1.5124032000,true,
BR,960,高炉煤气发生量,349b29d1-3e58-4c66-98b9-9d1a076efd2e,0.8481132000,true,
TM,1101,增碳剂(RH),349b29d1-3e58-4c66-98b9-9d1a076efd2e,3.6630000000,true,
ZG,X0022,生铁-铁水2,349b29d1-3e58-4c66-98b9-9d1a076efd2e,0.1720000000,true,
TA,BF042,生铁-铁水-大院4,349b29d1-3e58-4c66-98b9-9d1a076efd2e,0.1720000000,true,
TM,70202,生铁－铁水,349b29d1-3e58-4c66-98b9-9d1a076efd2e,0.1720000000,true,
BR,14500,(未选)白云石,349b29d1-3e58-4c66-98b9-9d1a076efd2e,0.4760000000,true,
RG,14425,白云石块,349b29d1-3e58-4c66-98b9-9d1a076efd2e,0.4760000000,true,
TM,HSGT02,烟煤,b6d0042d-0ef8-49ed-9162-a07ff1ccf750,1.0000000000,false,"Coal, hard"
TA,41900,外购上海管网天然气,7c337428-fb1b-45c7-bbb2-2ee4d29e17ba,1.0000000000,false,"Gas, natural"
TM,48082,回收转炉煤气,3ed5f377-344f-423a-b5ec-9a9a1162b944,0.2333333333,false,"Gas, mine, off-gas, process, coal mining"
WG,48082,回收转炉煤气,3ed5f377-344f-423a-b5ec-9a9a1162b944,0.2333333333,false,"Gas, mine, off-gas, process, coal mining"
TM,35200,焦炉荒煤气,3ed5f377-344f-423a-b5ec-9a9a1162b944,0.4829277777,false,"Gas, mine, off-gas, process, coal mining"
TA,3,氮氧化物,c1b91234-6f24-417b-8309-46111d09c457,1.0000000000,false,
BR,a20026,镉,1c5a7322-9261-4d59-a692-adde6c12de92,1.0000000000,false,
TM,03,NOX,c1b91234-6f24-417b-8309-46111d09c457,1.0000000000,false,
TA,900-210-08-01,废旧油,36a21e09-9ed5-4e04-a76e-140096f89069,1.0000000000,false,
TA,w21011,总磷,2d4b8ec1-8d53-4e62-8a11-ebc45909b02e,1.0000000000,false,
WG,03,,c1b91234-6f24-417b-8309-46111d09c457,1.0000000000,false,
TA,1214,,514d8ebd-24d9-40fb-a037-5bc0f898c42c,1.0000000000,false,
TM,900-041-49-12,煤气脱硫萘吸附剂,36a21e09-9ed5-4e04-a76e-140096f89069,1.0000000000,false,
WG,LWGHT,,514d8ebd-24d9-40fb-a037-5bc0f898c42c,1.0000000000,false,
TA,05,,20d4d821-f4f7-4017-8810-f822fcdf619e,1.0000000000,false,
TM,978,原水发生量,075e433b-4be4-448e-9510-9a5029c1ce94,0.0010000000,false,
TA,w20123,总锌,2c7be02c-791f-4fef-b231-b90321bbeb30,1.0000000000,false,
BR,336-064-17-01,磷化污泥,36a21e09-9ed5-4e04-a76e-140096f89069,1.0000000000,false,
BR,w20123,总锌,2c7be02c-791f-4fef-b231-b90321bbeb30,1.0000000000,false,
WG,LWGDY,,514d8ebd-24d9-40fb-a037-5bc0f898c42c,1.0000000000,false,
WG,LWGDE,,514d8ebd-24d9-40fb-a037-5bc0f898c42c,1.0000000000,false,
TA,a25073,二噁英,082903e4-45d8-4078-94cb-736b15279277,1.0000000000,false,
TA,a21026,二氧化硫,fd7aa71c-508c-480d-81a6-8052aad92646,1.0000000000,false,
WG,900-052-31,废铅蓄电池,36a21e09-9ed5-4e04-a76e-140096f89069,1.0000000000,false,
WG,900-210-08-06,废旧油,36a21e09-9ed5-4e04-a76e-140096f89069,1.0000000000,false,
BR,w20092,锡,d5c40848-fc29-47fa-90a4-46db64a45a4e,1.0000000000,false,
BR,a29099,乙酸酯类,8077467e-8d30-46cc-ab55-5759286eebd3,1.0000000000,false,
BR,54,铅,8e123669-94d3-41d8-9480-a79211fe7c43,1.0000000000,false,
BR,w21011,总磷,2d4b8ec1-8d53-4e62-8a11-ebc45909b02e,1.0000000000,false,
BR,a20043,铅及其化合物,8e123669-94d3-41d8-9480-a79211fe7c43,1.0000000000,false,
BR,a34998,,b967e1bf-f09b-4c89-8740-ace21db47bba,1.0000000000,false,
TM,123A8,,514d8ebd-24d9-40fb-a037-5bc0f898c42c,1.0000000000,false,
TM,HSGT06,其他煤制品,349b29d1-3e58-4c66-98b9-9d1a076efd2e,2.1270260000,true,
ZG,HSGT06,其他煤制品,349b29d1-3e58-4c66-98b9-9d1a076efd2e,2.1270260000,true,
RG,12506,钼铁,349b29d1-3e58-4c66-98b9-9d1a076efd2e,0.0180000000,true,
ZG,12528,钼铁,349b29d1-3e58-4c66-98b9-9d1a076efd2e,0.0180000000,true,
BR,962,转炉煤气发生量,349b29d1-3e58-4c66-98b9-9d1a076efd2e,1.5124032000,true,
ZG,48082,回收转炉煤气,349b29d1-3e58-4c66-98b9-9d1a076efd2e,1.5124032000,true,
TM,FCAC1,焦炭-合并C,349b29d1-3e58-4c66-98b9-9d1a076efd2e,3.0366950000,true,
TA,1310,焦炭,349b29d1-3e58-4c66-98b9-9d1a076efd2e,3.0366950000,true,
TA,C-PW,增碳剂,349b29d1-3e58-4c66-98b9-9d1a076efd2e,3.6630000000,true,
TM,0605,碳线,349b29d1-3e58-4c66-98b9-9d1a076efd2e,3.6630000000,true,
ZG,P-GR98,碳线,349b29d1-3e58-4c66-98b9-9d1a076efd2e,3.6630000000,true,
RG,70202B,生铁-铁水B,349b29d1-3e58-4c66-98b9-9d1a076efd2e,0.1720000000,true,
BR,70202,生铁-铁水-大院,349b29d1-3e58-4c66-98b9-9d1a076efd2e,0.1720000000,true,
ZG,XAAC2,生铁-铁水C,349b29d1-3e58-4c66-98b9-9d1a076efd2e,0.1720000000,true,
ZG,FEMNHB,高碳锰铁压球,349b29d1-3e58-4c66-98b9-9d1a076efd2e,0.2750000000,true,
ZG,12500,低磷高炭锰铁,349b29d1-3e58-4c66-98b9-9d1a076efd2e,0.2750000000,true,
TA,ULCR,微碳铬铁,349b29d1-3e58-4c66-98b9-9d1a076efd2e,0.3480000000,true,
TA,12526,镍铁,349b29d1-3e58-4c66-98b9-9d1a076efd2e,0.0370000000,true,
TA,40900,外购化工精制煤气,349b29d1-3e58-4c66-98b9-9d1a076efd2e,0.7636189000,true,
BR,40900,外购化工精制煤气,349b29d1-3e58-4c66-98b9-9d1a076efd2e,0.7636189000,true,
TA,9001,柴油,349b29d1-3e58-4c66-98b9-9d1a076efd2e,3.0959100000,true,
ZG,40200,轻油,349b29d1-3e58-4c66-98b9-9d1a076efd2e,3.0959100000,true,
ZG,41910,外购天然气-武汉清能气化站,7c337428-fb1b-45c7-bbb2-2ee4d29e17ba,1.0000000000,false,"Gas, natural"
RG,48080,回收高炉煤气,3ed5f377-344f-423a-b5ec-9a9a1162b944,0.0916666666,false,"Gas, mine, off-gas, process, coal mining"
WG,YLT48082,回收转炉煤气,3ed5f377-344f-423a-b5ec-9a9a1162b944,0.2333333333,false,"Gas, mine, off-gas, process, coal mining"
TA,35200,焦炉荒煤气,3ed5f377-344f-423a-b5ec-9a9a1162b944,0.4829277777,false,"Gas, mine, off-gas, process, coal mining"
TA,965,精制脱硫煤气发生量,3ed5f377-344f-423a-b5ec-9a9a1162b944,0.4829277777,false,"Gas, mine, off-gas, process, coal mining"
ZG,336-069-17,含铬废液,36a21e09-9ed5-4e04-a76e-140096f89069,1.0000000000,false,
BR,8,氯化氢,c9a8073a-8a19-5b9b-a120-7d549563b67b,1.0000000000,false,
WG,336-064-17-4,含酸污泥,36a21e09-9ed5-4e04-a76e-140096f89069,1.0000000000,false,
TA,a25002,苯,28999907-a8a7-45b3-857e-836495ca2aa0,1.0000000000,false,
WG,LWGPE,,514d8ebd-24d9-40fb-a037-5bc0f898c42c,1.0000000000,false,
TA,LGNPD,,514d8ebd-24d9-40fb-a037-5bc0f898c42c,1.0000000000,false,
BR,w21019,硫化物,20d4d821-f4f7-4017-8810-f822fcdf619e,1.0000000000,false,
TM,12310,,514d8ebd-24d9-40fb-a037-5bc0f898c42c,1.0000000000,false,
TA,8,氯化氢,c9a8073a-8a19-5b9b-a120-7d549563b67b,1.0000000000,false,
TA,12200,,514d8ebd-24d9-40fb-a037-5bc0f898c42c,1.0000000000,false,
BR,52,汞,71234253-b3a7-4dfe-b166-a484ad15bee7,1.0000000000,false,
TA,12310,,514d8ebd-24d9-40fb-a037-5bc0f898c42c,1.0000000000,false,
WG,7016,总镉,2712fe5f-0d3c-4c8e-8bc4-26c604413849,1.0000000000,false,
WG,LWGRT,,514d8ebd-24d9-40fb-a037-5bc0f898c42c,1.0000000000,false,
BR,336-069-17-02,含铬污泥,36a21e09-9ed5-4e04-a76e-140096f89069,1.0000000000,false,
TA,1243,,514d8ebd-24d9-40fb-a037-5bc0f898c42c,1.0000000000,false,
TM,14,硫酸雾,99c65c6a-6871-40ba-af79-5bd6851688e4,1.0000000000,false,
TM,7028,铊,32fccda4-0d99-40ab-b65f-c7203080b62b,1.0000000000,false,
WG,900-300-34,废硫酸,36a21e09-9ed5-4e04-a76e-140096f89069,1.0000000000,false,
WG,40900,,4a06aac7-ea56-4372-bea9-4e721d39657b,17.3854000000,false,
WG,12331,,514d8ebd-24d9-40fb-a037-5bc0f898c42c,1.0000000000,false,
TA,a21099,氟化氢,24541c8c-9f11-49ae-9de5-456f238a3f5e,1.0000000000,false,
WG,LWGTW,,514d8ebd-24d9-40fb-a037-5bc0f898c42c,1.0000000000,false,
TA,S32201,焦炭-合并,349b29d1-3e58-4c66-98b9-9d1a076efd2e,3.0366950000,true,
WG,12519,微碳铬铁,349b29d1-3e58-4c66-98b9-9d1a076efd2e,0.3480000000,true,
TA,LCMO,钼铁,349b29d1-3e58-4c66-98b9-9d1a076efd2e,0.0180000000,true,
TM,48082,回收转炉煤气,349b29d1-3e58-4c66-98b9-9d1a076efd2e,1.5124032000,true,
TA,C-GR,增碳剂（粗粒）,349b29d1-3e58-4c66-98b9-9d1a076efd2e,3.6630000000,true,
WG,02537,石墨增碳剂,349b29d1-3e58-4c66-98b9-9d1a076efd2e,3.6630000000,true,
BR,1201,生铁,349b29d1-3e58-4c66-98b9-9d1a076efd2e,0.1720000000,true,
TA,60160,外购轻烧白云石,349b29d1-3e58-4c66-98b9-9d1a076efd2e,0.4760000000,true,
BR,60160,外购轻烧白云石,349b29d1-3e58-4c66-98b9-9d1a076efd2e,0.4760000000,true,
ZG,18053,回收轻烧白云石除尘粉,349b29d1-3e58-4c66-98b9-9d1a076efd2e,0.4760000000,true,
ZG,968,中压天然气发生量,349b29d1-3e58-4c66-98b9-9d1a076efd2e,2.1650152000,true,
ZG,41900,外购天然气-宝粤气体,349b29d1-3e58-4c66-98b9-9d1a076efd2e,2.1650152000,true,
TM,961,焦炉煤气使用量,349b29d1-3e58-4c66-98b9-9d1a076efd2e,0.7636189000,true,
ZG,HSGT01,无烟煤,b6d0042d-0ef8-49ed-9162-a07ff1ccf750,1.0000000000,false,"Coal, hard"
TM,960,高炉煤气使用量,3ed5f377-344f-423a-b5ec-9a9a1162b944,0.0916666666,false,"Gas, mine, off-gas, process, coal mining"
BR,a20993,汞,71234253-b3a7-4dfe-b166-a484ad15bee7,1.0000000000,false,
TA,01,,b967e1bf-f09b-4c89-8740-ace21db47bba,1.0000000000,false,
TM,900-041-49-7,废塑料油壶,36a21e09-9ed5-4e04-a76e-140096f89069,1.0000000000,false,
TA,w20092,锡,d5c40848-fc29-47fa-90a4-46db64a45a4e,1.0000000000,false,
BR,1138097,总锌,2c7be02c-791f-4fef-b231-b90321bbeb30,1.0000000000,false,
BR,14,硫酸雾,99c65c6a-6871-40ba-af79-5bd6851688e4,1.0000000000,false,
TA,336-059-17,锡泥,36a21e09-9ed5-4e04-a76e-140096f89069,1.0000000000,false,
WG,978,,075e433b-4be4-448e-9510-9a5029c1ce94,0.0010000000,false,
TM,2144-02-01,,2d4b8ec1-8d53-4e62-8a11-ebc45909b02e,1.0000000000,false,
TA,12323,,514d8ebd-24d9-40fb-a037-5bc0f898c42c,1.0000000000,false,
TA,w20116,总铬,a9ec0c9b-982a-4329-99ae-dab1f9fb62d3,1.0000000000,false,
ZG,04023,海水,075e433b-4be4-448e-9510-9a5029c1ce94,0.0010000000,false,
ZG,LWGP1,,514d8ebd-24d9-40fb-a037-5bc0f898c42c,1.0000000000,false,
ZG,986,消防水,075e433b-4be4-448e-9510-9a5029c1ce94,0.0010000000,false,
TM,12330,,514d8ebd-24d9-40fb-a037-5bc0f898c42c,1.0000000000,false,
TM,900-023-29,废含汞荧光灯管,36a21e09-9ed5-4e04-a76e-140096f89069,1.0000000000,false,
TM,900-014-13,粘合剂,36a21e09-9ed5-4e04-a76e-140096f89069,1.0000000000,false,
TA,123A8,,514d8ebd-24d9-40fb-a037-5bc0f898c42c,1.0000000000,false,
ZG,900-041-49-06,废包装容器,36a21e09-9ed5-4e04-a76e-140096f89069,1.0000000000,false,
WG,12528,钼铁,349b29d1-3e58-4c66-98b9-9d1a076efd2e,0.0180000000,true,
BR,12528,钼铁,349b29d1-3e58-4c66-98b9-9d1a076efd2e,0.0180000000,true,
TA,BOF48082,回收转炉煤气,349b29d1-3e58-4c66-98b9-9d1a076efd2e,1.5124032000,true,
BR,BOF48082,回收转炉煤气,349b29d1-3e58-4c66-98b9-9d1a076efd2e,1.5124032000,true,
ZG,962,转炉煤气发生量,349b29d1-3e58-4c66-98b9-9d1a076efd2e,1.5124032000,true,
WG,HSGT07,焦炭,349b29d1-3e58-4c66-98b9-9d1a076efd2e,3.0366950000,true,
TM,FCAB1,焦炭-合并B,349b29d1-3e58-4c66-98b9-9d1a076efd2e,3.0366950000,true,
TA,CO011,焦炭-合并1,349b29d1-3e58-4c66-98b9-9d1a076efd2e,3.0366950000,true,
RG,34230,其他焦-CDQ粉,349b29d1-3e58-4c66-98b9-9d1a076efd2e,3.0366950000,true,
WG,2224,中碳锰铁,349b29d1-3e58-4c66-98b9-9d1a076efd2e,0.2750000000,true,
TM,12503,超低磷高碳锰铁,349b29d1-3e58-4c66-98b9-9d1a076efd2e,0.2750000000,true,
TM,12501,中碳锰铁,349b29d1-3e58-4c66-98b9-9d1a076efd2e,0.2750000000,true,
WG,02225,高碳锰铁,349b29d1-3e58-4c66-98b9-9d1a076efd2e,0.2750000000,true,
BR,1432,中碳铬铁,349b29d1-3e58-4c66-98b9-9d1a076efd2e,0.3480000000,true,
TA,12545,中碳铬铁C58,349b29d1-3e58-4c66-98b9-9d1a076efd2e,0.3480000000,true,
TA,61200,电极,349b29d1-3e58-4c66-98b9-9d1a076efd2e,3.6630000000,true,
BR,61200,电极,349b29d1-3e58-4c66-98b9-9d1a076efd2e,3.6630000000,true,
TA,61140,增炭剂,349b29d1-3e58-4c66-98b9-9d1a076efd2e,3.6630000000,true,
RG,12521,碳包芯线,349b29d1-3e58-4c66-98b9-9d1a076efd2e,3.6630000000,true,
TM,FBA51,生铁－铁块5,349b29d1-3e58-4c66-98b9-9d1a076efd2e,0.1720000000,true,
BR,BF011,生铁-铁块-大院1,349b29d1-3e58-4c66-98b9-9d1a076efd2e,0.1720000000,true,
WG,MZS-N,转炉用石灰石,349b29d1-3e58-4c66-98b9-9d1a076efd2e,0.4400000000,true,
ZG,966,解析气发生量,349b29d1-3e58-4c66-98b9-9d1a076efd2e,2.1650152000,true,
ZG,18051,回收白云石细粒,349b29d1-3e58-4c66-98b9-9d1a076efd2e,0.4760000000,true,
ZG,14500,(未选)白云石,349b29d1-3e58-4c66-98b9-9d1a076efd2e,0.4760000000,true,
ZG,TAI0,热轧后钢卷-外购-宝山,349b29d1-3e58-4c66-98b9-9d1a076efd2e,0.0370000000,true,
RG,HSGT02,烟煤,b6d0042d-0ef8-49ed-9162-a07ff1ccf750,1.0000000000,false,"Coal, hard"
BR,41910,外购中石油天然气,7c337428-fb1b-45c7-bbb2-2ee4d29e17ba,1.0000000000,false,"Gas, natural"
ZG,01037,COG,3ed5f377-344f-423a-b5ec-9a9a1162b944,0.4829277777,false,"Gas, mine, off-gas, process, coal mining"
ZG,900-007-09,废乳化油液,36a21e09-9ed5-4e04-a76e-140096f89069,1.0000000000,false,
TA,a20007,砷,dc6dbdaa-9f13-43a8-8af5-6603688c6ad0,1.0000000000,false,
BR,6025,氟化物,96b0e9d0-5bfc-4113-ac30-c9b8a310b534,1.0000000000,false,
TA,1256,,514d8ebd-24d9-40fb-a037-5bc0f898c42c,1.0000000000,false,
WG,900-041-49-04,墨盒硒鼓,36a21e09-9ed5-4e04-a76e-140096f89069,1.0000000000,false,
TM,8015,NH3-N,fb005c47-7b90-41f3-a5ca-f0eb11db354a,1.0000000000,false,
BR,a21001,氨（氨气）,7dd10f03-00ef-483e-88c7-ba23e5330316,1.0000000000,false,
TA,a20044,铅,8e123669-94d3-41d8-9480-a79211fe7c43,1.0000000000,false,
BR,w20119,总砷,e1bd008f-c3c2-47f1-ab60-35e1a842acc0,1.0000000000,false,
TA,LWGHC,,514d8ebd-24d9-40fb-a037-5bc0f898c42c,1.0000000000,false,
TA,02,,fd7aa71c-508c-480d-81a6-8052aad92646,1.0000000000,false,
WG,900-041-49-10,废油纸、含油废织物,36a21e09-9ed5-4e04-a76e-140096f89069,1.0000000000,false,
TM,0316,,514d8ebd-24d9-40fb-a037-5bc0f898c42c,1.0000000000,false,
ZG,LWGQD,,514d8ebd-24d9-40fb-a037-5bc0f898c42c,1.0000000000,false,
WG,12335,,514d8ebd-24d9-40fb-a037-5bc0f898c42c,1.0000000000,false,
WG,LWGRC,,514d8ebd-24d9-40fb-a037-5bc0f898c42c,1.0000000000,false,
WG,12336,,514d8ebd-24d9-40fb-a037-5bc0f898c42c,1.0000000000,false,
WG,25200,,36a21e09-9ed5-4e04-a76e-140096f89069,1.0000000000,false,
WG,24200,轻苯,349b29d1-3e58-4c66-98b9-9d1a076efd2e,3.3820000000,true,
BR,H-MN,高碳锰铁,349b29d1-3e58-4c66-98b9-9d1a076efd2e,0.2750000000,true,
TA,M-CR,中碳铬铁55,349b29d1-3e58-4c66-98b9-9d1a076efd2e,0.3480000000,true,
BR,HCRQ,高碳铬铁粉压球,349b29d1-3e58-4c66-98b9-9d1a076efd2e,0.3480000000,true,
ZG,FECR55,中碳铬铁55,349b29d1-3e58-4c66-98b9-9d1a076efd2e,0.3480000000,true,
BR,12519,微碳铬铁Ⅰ,349b29d1-3e58-4c66-98b9-9d1a076efd2e,0.3480000000,true,
TA,D-MO,钼铁10-100MM袋装,349b29d1-3e58-4c66-98b9-9d1a076efd2e,0.0180000000,true,
BR,D-MO,钼铁10-100MM袋装,349b29d1-3e58-4c66-98b9-9d1a076efd2e,0.0180000000,true,
BR,1439,钼铁,349b29d1-3e58-4c66-98b9-9d1a076efd2e,0.0180000000,true,
TA,12528,钼铁,349b29d1-3e58-4c66-98b9-9d1a076efd2e,0.0180000000,true,
WG,YLT48082,回收转炉煤气,349b29d1-3e58-4c66-98b9-9d1a076efd2e,1.5124032000,true,
BR,48080,回收高炉煤气,349b29d1-3e58-4c66-98b9-9d1a076efd2e,0.8481132000,true,
TM,61140,增炭剂,349b29d1-3e58-4c66-98b9-9d1a076efd2e,3.6630000000,true,
ZG,12202,外购铁块,349b29d1-3e58-4c66-98b9-9d1a076efd2e,0.1720000000,true,
WG,14500,白云石,349b29d1-3e58-4c66-98b9-9d1a076efd2e,0.4760000000,true,
BR,14420,低硅白云石粉,349b29d1-3e58-4c66-98b9-9d1a076efd2e,0.4760000000,true,
RG,14420,白云石烧结粉,349b29d1-3e58-4c66-98b9-9d1a076efd2e,0.4760000000,true,
WG,49280,天然气,349b29d1-3e58-4c66-98b9-9d1a076efd2e,2.1650152000,true,
TA,41910,外购中石油天然气,349b29d1-3e58-4c66-98b9-9d1a076efd2e,2.1650152000,true,
BR,41910,外购中石油天然气,349b29d1-3e58-4c66-98b9-9d1a076efd2e,2.1650152000,true,
ZG,TAA1,连铸板坯-外购-宝山,349b29d1-3e58-4c66-98b9-9d1a076efd2e,0.0370000000,true,
RG,A1210,连铸坯-1#2#,349b29d1-3e58-4c66-98b9-9d1a076efd2e,0.0370000000,true,
TM,9001,柴油,349b29d1-3e58-4c66-98b9-9d1a076efd2e,3.0959100000,true,
RG,48082,回收转炉煤气,3ed5f377-344f-423a-b5ec-9a9a1162b944,0.2333333333,false,"Gas, mine, off-gas, process, coal mining"
TM,X2048082,回收转炉煤气,3ed5f377-344f-423a-b5ec-9a9a1162b944,0.2333333333,false,"Gas, mine, off-gas, process, coal mining"
ZG,18066,回收精制煤气,3ed5f377-344f-423a-b5ec-9a9a1162b944,0.4829277777,false,"Gas, mine, off-gas, process, coal mining"
TA,40900,外购化工精制煤气,3ed5f377-344f-423a-b5ec-9a9a1162b944,0.4829277777,false,"Gas, mine, off-gas, process, coal mining"
WG,900-039-49,废活性炭,36a21e09-9ed5-4e04-a76e-140096f89069,1.0000000000,false,
WG,LWGSC,,514d8ebd-24d9-40fb-a037-5bc0f898c42c,1.0000000000,false,
BR,w23002,挥发酚,5896c761-4e02-4573-8747-c4bbf73162c0,1.0000000000,false,
TA,ah0001,镉，铊及其化合物,1c5a7322-9261-4d59-a692-adde6c12de92,1.0000000000,false,
TM,12200,,514d8ebd-24d9-40fb-a037-5bc0f898c42c,1.0000000000,false,
TA,w20119,总砷,e1bd008f-c3c2-47f1-ab60-35e1a842acc0,1.0000000000,false,
TM,2095-5,挥发酚,39153cb9-a8fe-4fc8-beef-1bf1edceb8e7,1.0000000000,false,
WG,LWGZX,,514d8ebd-24d9-40fb-a037-5bc0f898c42c,1.0000000000,false,
BR,336-069-17-01,含铬废液,36a21e09-9ed5-4e04-a76e-140096f89069,1.0000000000,false,
TA,12321,,514d8ebd-24d9-40fb-a037-5bc0f898c42c,1.0000000000,false,
TM,0323,,514d8ebd-24d9-40fb-a037-5bc0f898c42c,1.0000000000,false,
WG,1,烟尘,b967e1bf-f09b-4c89-8740-ace21db47bba,1.0000000000,false,
BR,900-044-49,废铅蓄电池,36a21e09-9ed5-4e04-a76e-140096f89069,1.0000000000,false,
ZG,03,氮氧化物,c1b91234-6f24-417b-8309-46111d09c457,1.0000000000,false,
TA,1299,,514d8ebd-24d9-40fb-a037-5bc0f898c42c,1.0000000000,false,
TA,52,汞,71234253-b3a7-4dfe-b166-a484ad15bee7,1.0000000000,false,
BR,a34999,碱雾,7dd10f03-00ef-483e-88c7-ba23e5330316,1.0000000000,false,
TM,7017,总汞,9325957a-bee5-4f2d-8bd1-458729c5e49e,1.0000000000,false,
TM,7014,总铅,31c4d160-b21e-41b3-b9c1-3d7a72377653,1.0000000000,false,
TA,LWGGP,,514d8ebd-24d9-40fb-a037-5bc0f898c42c,1.0000000000,false,
WG,LWGYF,,514d8ebd-24d9-40fb-a037-5bc0f898c42c,1.0000000000,false,
WG,LWGYG,,514d8ebd-24d9-40fb-a037-5bc0f898c42c,1.0000000000,false,
BR,LCMO,钼铁,349b29d1-3e58-4c66-98b9-9d1a076efd2e,0.0180000000,true,
TM,12528,钼铁,349b29d1-3e58-4c66-98b9-9d1a076efd2e,0.0180000000,true,
RG,962,转炉煤气发生量,349b29d1-3e58-4c66-98b9-9d1a076efd2e,1.5124032000,true,
TA,CO041,焦炭-合并4,349b29d1-3e58-4c66-98b9-9d1a076efd2e,3.0366950000,true,
BR,CO041,焦炭-合并4,349b29d1-3e58-4c66-98b9-9d1a076efd2e,3.0366950000,true,
TA,UCCR,微碳铬铁2,349b29d1-3e58-4c66-98b9-9d1a076efd2e,0.3480000000,true,
BR,UCCR,微碳铬铁2,349b29d1-3e58-4c66-98b9-9d1a076efd2e,0.3480000000,true,
ZG,HSGT04,洗精煤,349b29d1-3e58-4c66-98b9-9d1a076efd2e,2.4299260000,true,
BR,HSGT02,烟煤,349b29d1-3e58-4c66-98b9-9d1a076efd2e,2.2557130000,true,
WG,HSGT02,烟煤,349b29d1-3e58-4c66-98b9-9d1a076efd2e,2.2557130000,true,
ZG,A1410,连铸板坯-外购-宝钢,349b29d1-3e58-4c66-98b9-9d1a076efd2e,0.0370000000,true,
TM,713,石灰石,349b29d1-3e58-4c66-98b9-9d1a076efd2e,0.4400000000,true,
WG,61200,电极,349b29d1-3e58-4c66-98b9-9d1a076efd2e,3.6630000000,true,
TA,1421,增碳剂,349b29d1-3e58-4c66-98b9-9d1a076efd2e,3.6630000000,true,
WG,02528,真空低硫增碳剂,349b29d1-3e58-4c66-98b9-9d1a076efd2e,3.6630000000,true,
TA,W-CB,碳粉包芯线,349b29d1-3e58-4c66-98b9-9d1a076efd2e,3.6630000000,true,
RG,12340,外购生铁块,349b29d1-3e58-4c66-98b9-9d1a076efd2e,0.1720000000,true,
TA,14500,(未选)白云石,349b29d1-3e58-4c66-98b9-9d1a076efd2e,0.4760000000,true,
TA,14420,低硅白云石粉,349b29d1-3e58-4c66-98b9-9d1a076efd2e,0.4760000000,true,
BR,961,焦炉煤气发生量,349b29d1-3e58-4c66-98b9-9d1a076efd2e,0.7636189000,true,
BR,35200,焦炉荒煤气,349b29d1-3e58-4c66-98b9-9d1a076efd2e,0.7636189000,true,
ZG,18066,回收精制煤气,349b29d1-3e58-4c66-98b9-9d1a076efd2e,0.7636189000,true,
RG,HSGT04,洗精煤,b6d0042d-0ef8-49ed-9162-a07ff1ccf750,1.0000000000,false,"Coal, hard"
TA,HSGT02,烟煤,b6d0042d-0ef8-49ed-9162-a07ff1ccf750,1.0000000000,false,"Coal, hard"
TA,336-063-17-01,,36a21e09-9ed5-4e04-a76e-140096f89069,1.0000000000,false,
WG,LWGNY,,514d8ebd-24d9-40fb-a037-5bc0f898c42c,1.0000000000,false,
TM,123A9,,514d8ebd-24d9-40fb-a037-5bc0f898c42c,1.0000000000,false,
ZG,900-210-08,含油废物（浮渣、废水）,36a21e09-9ed5-4e04-a76e-140096f89069,1.0000000000,false,
WG,LWGST,,514d8ebd-24d9-40fb-a037-5bc0f898c42c,1.0000000000,false,
TA,CS0005,氨氮,fb005c47-7b90-41f3-a5ca-f0eb11db354a,1.0000000000,false,
BR,900-252-12,有机废物,36a21e09-9ed5-4e04-a76e-140096f89069,1.0000000000,false,
TA,CS0006,总氮,dcfe0815-6fa3-4e1d-a55e-155b29904f1d,1.0000000000,false,
TM,2161,Cr+6,81e17d9a-3e0b-414e-9b2e-eca7e5b3bd4a,1.0000000000,false,
ZG,05225,,514d8ebd-24d9-40fb-a037-5bc0f898c42c,1.0000000000,false,
WG,SL008,水体排放量,2404b41a-2eed-4e9d-8ab6-783946fdf5d6,1.0000000000,false,
TA,a99051,二硫化碳,d94a5a1a-bc06-48fd-b6d9-7477ea65cacd,1.0000000000,false,
ZG,900-217-08,废油,36a21e09-9ed5-4e04-a76e-140096f89069,1.0000000000,false,
ZG,900-299-12,废油漆及含油漆废物,36a21e09-9ed5-4e04-a76e-140096f89069,1.0000000000,false,
TA,53,颗粒物,b967e1bf-f09b-4c89-8740-ace21db47bba,1.0000000000,false,
BR,a99051,二硫化碳,d94a5a1a-bc06-48fd-b6d9-7477ea65cacd,1.0000000000,false,
BR,7012,总铜,615b1460-6860-4cf6-8678-ad92c03c5e8b,1.0000000000,false,
WG,7013,总砷,e1bd008f-c3c2-47f1-ab60-35e1a842acc0,1.0000000000,false,
TM,900-007-09-1,烃/水混合物（水乙二醇）,36a21e09-9ed5-4e04-a76e-140096f89069,1.0000000000,false,
BR,w20116,总铬,a9ec0c9b-982a-4329-99ae-dab1f9fb62d3,1.0000000000,false,
TA,LWGQP,,514d8ebd-24d9-40fb-a037-5bc0f898c42c,1.0000000000,false,
ZG,LWGCK,,514d8ebd-24d9-40fb-a037-5bc0f898c42c,1.0000000000,false,
BR,a29017,乙酸乙酯,8077467e-8d30-46cc-ab55-5759286eebd3,1.0000000000,false,
BR,6007,化学需氧量,961ccd56-2eee-4f57-bb18-fc4362b49000,1.0000000000,false,
BR,a20104,锌及其化合物,5ce378a0-b48d-471c-977d-79681521efde,1.0000000000,false,
BR,HSGT01,无烟煤,349b29d1-3e58-4c66-98b9-9d1a076efd2e,2.4971120000,true,
TA,HSGT04,洗精煤,349b29d1-3e58-4c66-98b9-9d1a076efd2e,2.4299260000,true,
TM,HSGT02,烟煤,349b29d1-3e58-4c66-98b9-9d1a076efd2e,2.2557130000,true,
ZG,68660,回收活性炭粉,349b29d1-3e58-4c66-98b9-9d1a076efd2e,3.6630000000,true,
RG,60169,超高功率石墨电极,349b29d1-3e58-4c66-98b9-9d1a076efd2e,3.6630000000,true,
WG,02516,转炉普通增碳剂,349b29d1-3e58-4c66-98b9-9d1a076efd2e,3.6630000000,true,
TM,FBA52,生铁－铁水5,349b29d1-3e58-4c66-98b9-9d1a076efd2e,0.1720000000,true,
WG,BF072,生铁-铁水7,349b29d1-3e58-4c66-98b9-9d1a076efd2e,0.1720000000,true,
WG,BF062,生铁-铁水6,349b29d1-3e58-4c66-98b9-9d1a076efd2e,0.1720000000,true,
ZG,70202,生铁-铁水,349b29d1-3e58-4c66-98b9-9d1a076efd2e,0.1720000000,true,
TA,1401,高碳锰铁,349b29d1-3e58-4c66-98b9-9d1a076efd2e,0.2750000000,true,
BR,12545,中碳铬铁C58,349b29d1-3e58-4c66-98b9-9d1a076efd2e,0.3480000000,true,
ZG,12517,中碳铬铁,349b29d1-3e58-4c66-98b9-9d1a076efd2e,0.3480000000,true,
ZG,44200,轻烧白云石,349b29d1-3e58-4c66-98b9-9d1a076efd2e,0.4760000000,true,
RG,14403,轻烧白云石,349b29d1-3e58-4c66-98b9-9d1a076efd2e,0.4760000000,true,
ZG,01037,COG,349b29d1-3e58-4c66-98b9-9d1a076efd2e,0.7636189000,true,
TM,35200,焦炉荒煤气,349b29d1-3e58-4c66-98b9-9d1a076efd2e,0.7636189000,true,
ZG,HSGT02,烟煤,b6d0042d-0ef8-49ed-9162-a07ff1ccf750,1.0000000000,false,"Coal, hard"
WG,HSGT04,洗精煤,b6d0042d-0ef8-49ed-9162-a07ff1ccf750,1.0000000000,false,"Coal, hard"
TM,48083,回收精制煤气,3ed5f377-344f-423a-b5ec-9a9a1162b944,0.4829277777,false,"Gas, mine, off-gas, process, coal mining"
TA,336-064-17-02,酸再生污泥,36a21e09-9ed5-4e04-a76e-140096f89069,1.0000000000,false,
WG,LWGHO,,514d8ebd-24d9-40fb-a037-5bc0f898c42c,1.0000000000,false,
WG,LWGPT,,514d8ebd-24d9-40fb-a037-5bc0f898c42c,1.0000000000,false,
TM,15,铬酸雾,81e17d9a-3e0b-414e-9b2e-eca7e5b3bd4a,1.0000000000,false,
BR,900-041-49-01,沾染废物,36a21e09-9ed5-4e04-a76e-140096f89069,1.0000000000,false,
TM,900-047-49,废化学试剂,36a21e09-9ed5-4e04-a76e-140096f89069,1.0000000000,false,
TA,20,苯并(a)芘,5e13c2ab-5466-4ff5-816d-702dfdf25f76,1.0000000000,false,
TM,900-300-34,,36a21e09-9ed5-4e04-a76e-140096f89069,1.0000000000,false,
TM,0318,,514d8ebd-24d9-40fb-a037-5bc0f898c42c,1.0000000000,false,
TM,12325,,514d8ebd-24d9-40fb-a037-5bc0f898c42c,1.0000000000,false,
ZG,900-015-13,废树脂,36a21e09-9ed5-4e04-a76e-140096f89069,1.0000000000,false,
WG,LWGYD,,514d8ebd-24d9-40fb-a037-5bc0f898c42c,1.0000000000,false,
WG,LWGZS,,514d8ebd-24d9-40fb-a037-5bc0f898c42c,1.0000000000,false,
BR,a21018,氟化物,24541c8c-9f11-49ae-9de5-456f238a3f5e,1.0000000000,false,
WG,6025,氟化物,96b0e9d0-5bfc-4113-ac30-c9b8a310b534,1.0000000000,false,
WG,LWGDG,,514d8ebd-24d9-40fb-a037-5bc0f898c42c,1.0000000000,false,
BR,SL008,水体排放量,2404b41a-2eed-4e9d-8ab6-783946fdf5d6,1.0000000000,false,
ZG,1038,LDG,349b29d1-3e58-4c66-98b9-9d1a076efd2e,1.5124032000,true,
ZG,12501,中炭锰铁,349b29d1-3e58-4c66-98b9-9d1a076efd2e,0.2750000000,true,
WG,61140,增炭剂,349b29d1-3e58-4c66-98b9-9d1a076efd2e,3.6630000000,true,
TA,BF032,生铁-铁水-大院3,349b29d1-3e58-4c66-98b9-9d1a076efd2e,0.1720000000,true,
TA,BF011,生铁-铁块-大院1,349b29d1-3e58-4c66-98b9-9d1a076efd2e,0.1720000000,true,
RG,70202,生铁-铁水,349b29d1-3e58-4c66-98b9-9d1a076efd2e,0.1720000000,true,
ZG,70201,生铁-铁块,349b29d1-3e58-4c66-98b9-9d1a076efd2e,0.1720000000,true,
ZG,14402,块石灰石,349b29d1-3e58-4c66-98b9-9d1a076efd2e,0.4400000000,true,
TM,48083,回收精制煤气,349b29d1-3e58-4c66-98b9-9d1a076efd2e,0.7636189000,true,
TA,HSGT01,无烟煤,b6d0042d-0ef8-49ed-9162-a07ff1ccf750,1.0000000000,false,"Coal, hard"
BR,41900,外购上海管网天然气,7c337428-fb1b-45c7-bbb2-2ee4d29e17ba,1.0000000000,false,"Gas, natural"
ZG,966,解析气发生量,7c337428-fb1b-45c7-bbb2-2ee4d29e17ba,1.0000000000,false,"Gas, natural"
RG,963,精制焦炉煤气发生量,3ed5f377-344f-423a-b5ec-9a9a1162b944,0.4829277777,false,"Gas, mine, off-gas, process, coal mining"
BR,a25002,苯,28999907-a8a7-45b3-857e-836495ca2aa0,1.0000000000,false,
TA,a34040,铬酸雾,81e17d9a-3e0b-414e-9b2e-eca7e5b3bd4a,1.0000000000,false,
TA,1224,,514d8ebd-24d9-40fb-a037-5bc0f898c42c,1.0000000000,false,
TA,w21019,硫化物,20d4d821-f4f7-4017-8810-f822fcdf619e,1.0000000000,false,
TA,42,,28999907-a8a7-45b3-857e-836495ca2aa0,1.0000000000,false,
ZG,900-349-34-01,再生酸,36a21e09-9ed5-4e04-a76e-140096f89069,1.0000000000,false,
BR,a25003,甲苯,3b1ecf8e-1d2c-4330-81da-a79f9068976d,1.0000000000,false,
WG,2142,总氮,dcfe0815-6fa3-4e1d-a55e-155b29904f1d,1.0000000000,false,
TA,123A2,,514d8ebd-24d9-40fb-a037-5bc0f898c42c,1.0000000000,false,
BR,ah0002,砷、镍及其化合物,dc6dbdaa-9f13-43a8-8af5-6603688c6ad0,1.0000000000,false,
TA,1251,,514d8ebd-24d9-40fb-a037-5bc0f898c42c,1.0000000000,false,
WG,2161,六价铬,a9ec0c9b-982a-4329-99ae-dab1f9fb62d3,1.0000000000,false,
TM,9999,粉尘,b967e1bf-f09b-4c89-8740-ace21db47bba,1.0000000000,false,
WG,24200,,36a21e09-9ed5-4e04-a76e-140096f89069,1.0000000000,false,
TA,w20117,六价铬,a9ec0c9b-982a-4329-99ae-dab1f9fb62d3,1.0000000000,false,
TA,a20043,铅及其化合物,8e123669-94d3-41d8-9480-a79211fe7c43,1.0000000000,false,
TA,12317,,514d8ebd-24d9-40fb-a037-5bc0f898c42c,1.0000000000,false,
TA,a21002,氮氧化物,c1b91234-6f24-417b-8309-46111d09c457,1.0000000000,false,
TM,900-039-49,废活性炭,36a21e09-9ed5-4e04-a76e-140096f89069,1.0000000000,false,
TM,900-249-08-5,废矿物油(含水废油）,36a21e09-9ed5-4e04-a76e-140096f89069,1.0000000000,false,
TA,336-069-17-02,含铬污泥,36a21e09-9ed5-4e04-a76e-140096f89069,1.0000000000,false,
TA,a29017,乙酸乙酯,8077467e-8d30-46cc-ab55-5759286eebd3,1.0000000000,false,
WG,LWGQL,,514d8ebd-24d9-40fb-a037-5bc0f898c42c,1.0000000000,false,
ZG,HSGT01,无烟煤,349b29d1-3e58-4c66-98b9-9d1a076efd2e,2.4971120000,true,
TM,HSGT01,无烟煤,349b29d1-3e58-4c66-98b9-9d1a076efd2e,2.4971120000,true,
RG,S32201,焦炭-合并,349b29d1-3e58-4c66-98b9-9d1a076efd2e,3.0366950000,true,
TA,962,转炉煤气发生量,349b29d1-3e58-4c66-98b9-9d1a076efd2e,1.5124032000,true,
ZG,03027,粗转炉煤气,349b29d1-3e58-4c66-98b9-9d1a076efd2e,1.5124032000,true,
WG,HSGT04,洗精煤,349b29d1-3e58-4c66-98b9-9d1a076efd2e,2.4299260000,true,
RG,12504,中碳锰铁-FeMn78C2.0,349b29d1-3e58-4c66-98b9-9d1a076efd2e,0.2750000000,true,
TM,0402,中碳锰铁,349b29d1-3e58-4c66-98b9-9d1a076efd2e,0.2750000000,true,
TA,MCCR,中碳铬铁,349b29d1-3e58-4c66-98b9-9d1a076efd2e,0.3480000000,true,
ZG,LWGRY,热压铁块,349b29d1-3e58-4c66-98b9-9d1a076efd2e,0.1720000000,true,
TM,FBA42,生铁－铁水4,349b29d1-3e58-4c66-98b9-9d1a076efd2e,0.1720000000,true,
TM,FBA22,生铁－铁水2,349b29d1-3e58-4c66-98b9-9d1a076efd2e,0.1720000000,true,
WG,BF052,生铁-铁水5,349b29d1-3e58-4c66-98b9-9d1a076efd2e,0.1720000000,true,
WG,BF042,生铁-铁水4,349b29d1-3e58-4c66-98b9-9d1a076efd2e,0.1720000000,true,
TM,14512,石灰石细粒,349b29d1-3e58-4c66-98b9-9d1a076efd2e,0.4400000000,true,
TA,NMGO,生白云石,349b29d1-3e58-4c66-98b9-9d1a076efd2e,0.4760000000,true,
TA,FENI,镍铁,349b29d1-3e58-4c66-98b9-9d1a076efd2e,0.0370000000,true,
TA,1209,海绵铁,349b29d1-3e58-4c66-98b9-9d1a076efd2e,0.0730000000,true,
BR,48082,回收转炉煤气,3ed5f377-344f-423a-b5ec-9a9a1162b944,0.2333333333,false,"Gas, mine, off-gas, process, coal mining"
WG,964,转炉煤气发生量,3ed5f377-344f-423a-b5ec-9a9a1162b944,0.2333333333,false,"Gas, mine, off-gas, process, coal mining"
WG,961,高炉低压煤气发生量,3ed5f377-344f-423a-b5ec-9a9a1162b944,0.0916666666,false,"Gas, mine, off-gas, process, coal mining"
ZG,1037,COG,3ed5f377-344f-423a-b5ec-9a9a1162b944,0.4829277777,false,"Gas, mine, off-gas, process, coal mining"
RG,48083,回收焦炉煤气,3ed5f377-344f-423a-b5ec-9a9a1162b944,0.4829277777,false,"Gas, mine, off-gas, process, coal mining"
